age,workclass,education,marital_status,occupation,race,gender,hours_per_week,income
41,Self-Employed,Bachelors,Married,White-Collar,White,Male,72,0
39,Private,HS-grad,Married,Blue-Collar,White,Male,40,0
39,Private,Some-college,Married,White-Collar,White,Female,35,1
58,Private,Some-college,Divorced,White-Collar,White,Female,40,0
55,Self-Employed,HS-grad,Married,Blue-Collar,White,Male,30,0
59,Private,Bachelors,Married,White-Collar,White,Female,30,0
51,Private,HS-grad,Married,Blue-Collar,White,Male,40,0
41,Private,Prof-school,Married,White-Collar,White,Male,50,1
36,Private,Some-college,Widowed,Sales,White,Female,20,0
55,Self-Employed,School,Single,Service,White,Female,60,0
65,Private,Some-college,Widowed,White-Collar,White,Female,40,0
39,Private,Bachelors,Single,White-Collar,White,Female,40,0
39,Private,HS-grad,Separated,Blue-Collar,White,Female,24,0
43,Private,Bachelors,Married,Professional,White,Male,40,1
29,Private,HS-grad,Married,Service,White,Female,40,1
31,Private,Prof-school,Married,Professional,White,Male,25,1
36,Private,Some-college,Married,Sales,White,Male,40,0
44,Private,Prof-school,Married,Professional,White,Male,29,1
34,Private,Bachelors,Married,Professional,White,Male,42,1
47,Self-Employed,Bachelors,Married,Professional,Other,Male,40,0
42,Private,Assoc,Single,Service,White,Male,40,0
64,Private,HS-grad,Divorced,Blue-Collar,White,Male,20,0
28,Private,Some-college,Married,White-Collar,White,Male,40,1
49,Private,Bachelors,Widowed,Professional,White,Female,35,0
31,Private,Assoc,Married,Blue-Collar,Other,Male,50,1
40,Self-Employed,Some-college,Married,Professional,White,Female,40,1
26,Private,Bachelors,Married,Professional,White,Female,45,1
46,Other/Unknown,HS-grad,Divorced,Other/Unknown,White,Female,15,0
56,Private,HS-grad,Married,Blue-Collar,White,Male,18,0
63,Private,School,Married,Service,White,Male,30,0
62,Other/Unknown,Some-college,Married,Other/Unknown,White,Male,24,0
59,Government,Some-college,Widowed,Service,White,Female,40,0
52,Private,HS-grad,Widowed,Blue-Collar,White,Male,40,0
36,Private,Bachelors,Divorced,Professional,White,Male,45,0
38,Private,Some-college,Divorced,White-Collar,White,Male,50,0
45,Private,School,Widowed,White-Collar,White,Female,40,0
67,Private,School,Married,Blue-Collar,Other,Male,20,0
38,Private,HS-grad,Married,Blue-Collar,White,Male,99,0
78,Other/Unknown,Masters,Widowed,Other/Unknown,White,Female,15,0
44,Government,Bachelors,Married,Professional,Other,Male,38,1
66,Private,HS-grad,Single,Service,Other,Female,3,0
55,Government,Bachelors,Married,Professional,White,Female,60,0
29,Private,Bachelors,Married,Professional,White,Male,40,1
42,Private,School,Married,Blue-Collar,White,Male,40,0
38,Private,Some-college,Married,Blue-Collar,White,Male,40,0
58,Private,HS-grad,Married,Blue-Collar,White,Male,40,0
35,Government,Bachelors,Married,Blue-Collar,White,Male,40,1
56,Government,HS-grad,Married,Blue-Collar,White,Male,40,0
61,Private,Bachelors,Married,White-Collar,White,Male,40,0
30,Private,Bachelors,Married,Sales,White,Male,50,1
41,Self-Employed,Some-college,Divorced,Blue-Collar,White,Male,50,0
36,Government,Assoc,Single,Professional,White,Female,40,0
39,Private,Bachelors,Single,White-Collar,Other,Male,45,0
43,Private,HS-grad,Divorced,White-Collar,White,Female,30,1
41,Government,Assoc,Married,Professional,White,Male,40,1
50,Private,HS-grad,Separated,Service,Other,Female,40,0
64,Private,Bachelors,Married,Sales,White,Male,40,0
61,Private,School,Married,Professional,White,Male,40,0
41,Private,HS-grad,Divorced,Blue-Collar,White,Male,48,0
30,Private,Masters,Married,White-Collar,White,Male,50,1
44,Private,Masters,Married,White-Collar,White,Male,40,1
40,Private,HS-grad,Divorced,Sales,White,Female,30,0
39,Private,School,Widowed,Blue-Collar,Other,Male,40,0
37,Private,Some-college,Single,Service,White,Female,40,0
39,Private,School,Divorced,Sales,White,Female,40,0
32,Private,Bachelors,Married,White-Collar,White,Male,45,1
46,Private,Some-college,Divorced,Service,White,Female,30,0
42,Private,HS-grad,Single,White-Collar,Other,Female,25,0
36,Private,Masters,Single,White-Collar,White,Male,15,0
40,Private,Assoc,Separated,Professional,White,Female,40,0
39,Private,HS-grad,Married,Sales,White,Female,36,0
37,Government,Assoc,Married,Professional,Other,Female,40,1
44,Private,Assoc,Separated,White-Collar,White,Male,40,0
38,Private,Some-college,Married,White-Collar,White,Male,50,1
54,Other/Unknown,HS-grad,Married,Other/Unknown,White,Male,40,0
37,Private,HS-grad,Married,Blue-Collar,White,Male,40,0
47,Private,HS-grad,Divorced,Sales,White,Female,40,0
50,Private,Some-college,Married,Blue-Collar,White,Male,50,0
39,Self-Employed,HS-grad,Married,Blue-Collar,White,Male,50,0
35,Private,Assoc,Married,Sales,White,Male,50,1
32,Government,HS-grad,Married,White-Collar,White,Female,40,1
51,Other/Unknown,HS-grad,Married,Other/Unknown,White,Male,40,0
32,Private,Bachelors,Married,White-Collar,White,Male,55,1
49,Private,Masters,Married,Service,Other,Male,40,0
34,Private,Prof-school,Single,Service,Other,Male,40,1
47,Private,HS-grad,Married,Blue-Collar,White,Male,40,0
28,Private,Bachelors,Married,White-Collar,White,Male,40,1
36,Private,School,Divorced,Sales,White,Female,40,0
50,Private,Masters,Married,White-Collar,White,Female,40,0
42,Self-Employed,Prof-school,Married,Professional,White,Male,60,1
44,Self-Employed,Bachelors,Divorced,White-Collar,White,Female,40,0
39,Government,HS-grad,Divorced,Professional,White,Male,40,0
33,Private,School,Single,Blue-Collar,White,Male,40,1
37,Government,Masters,Married,Professional,White,Male,60,1
36,Private,School,Divorced,Service,Other,Male,72,0
54,Private,Some-college,Divorced,Blue-Collar,White,Male,60,0
37,Private,Some-college,Married,Blue-Collar,White,Male,40,1
61,Private,School,Married,Service,White,Female,40,0
33,Private,Masters,Married,White-Collar,White,Male,40,1
47,Private,Some-college,Married,Professional,White,Male,40,0
41,Private,Some-college,Married,Sales,White,Male,50,1
43,Private,Some-college,Divorced,Service,White,Male,40,1
37,Private,Bachelors,Married,Service,White,Male,40,1
40,Government,Assoc,Divorced,White-Collar,White,Male,50,1
39,Private,Bachelors,Single,White-Collar,White,Female,35,0
31,Private,Prof-school,Married,Professional,White,Male,60,1
62,Government,School,Widowed,Service,Other,Female,35,0
44,Private,Some-college,Single,Service,White,Female,40,0
50,Private,School,Separated,White-Collar,Other,Female,47,0
50,Private,Some-college,Divorced,Service,White,Female,36,0
33,Private,Prof-school,Single,Professional,White,Female,50,1
34,Private,HS-grad,Married,White-Collar,White,Female,20,1
76,Other/Unknown,Bachelors,Married,Other/Unknown,White,Male,10,0
46,Private,School,Separated,Blue-Collar,White,Male,50,0
60,Private,Bachelors,Divorced,Professional,White,Female,42,0
36,Private,HS-grad,Single,Blue-Collar,White,Male,45,0
40,Private,HS-grad,Married,Sales,White,Male,50,0
54,Private,Assoc,Widowed,White-Collar,White,Female,30,0
39,Private,Bachelors,Married,Sales,White,Male,30,1
55,Private,HS-grad,Married,Blue-Collar,White,Male,60,0
50,Private,Masters,Married,Professional,White,Male,60,0
39,Private,School,Single,Service,White,Female,25,0
63,Government,Bachelors,Married,Blue-Collar,White,Male,40,0
38,Private,HS-grad,Married,Blue-Collar,White,Male,40,0
59,Private,HS-grad,Single,White-Collar,White,Male,50,0
46,Private,Some-college,Married,Blue-Collar,White,Female,20,0
39,Private,HS-grad,Single,Service,White,Male,62,0
34,Private,Bachelors,Married,White-Collar,White,Male,50,1
35,Private,Masters,Single,Professional,White,Male,60,1
37,Private,Bachelors,Single,White-Collar,White,Female,40,0
36,Government,Bachelors,Divorced,Professional,Other,Female,40,0
71,Private,HS-grad,Widowed,Sales,White,Female,20,0
61,Private,HS-grad,Married,Blue-Collar,White,Male,40,0
90,Government,HS-grad,Married,Blue-Collar,White,Male,30,0
44,Private,HS-grad,Married,Blue-Collar,Other,Male,40,0
40,Private,Some-college,Separated,Blue-Collar,White,Male,40,0
55,Private,HS-grad,Divorced,Sales,Other,Female,40,0
32,Self-Employed,Some-college,Married,White-Collar,White,Male,55,1
61,Other/Unknown,HS-grad,Divorced,Other/Unknown,White,Female,99,0
43,Private,HS-grad,Divorced,White-Collar,White,Female,40,0
42,Private,Bachelors,Married,White-Collar,White,Male,60,0
75,Other/Unknown,School,Widowed,Other/Unknown,Other,Female,1,0
48,Self-Employed,Some-college,Divorced,Sales,White,Female,60,0
38,Private,Bachelors,Married,White-Collar,White,Male,50,1
58,Private,School,Divorced,Blue-Collar,Other,Male,50,0
46,Private,Some-college,Divorced,Blue-Collar,White,Male,55,0
25,Private,HS-grad,Married,Service,White,Female,48,1
62,Private,Some-college,Divorced,White-Collar,White,Female,30,0
43,Private,Some-college,Married,Sales,White,Male,38,1
47,Private,Some-college,Married,Blue-Collar,White,Male,40,0
33,Private,Masters,Married,Professional,White,Male,37,1
67,Self-Employed,School,Married,White-Collar,White,Male,20,0
36,Private,HS-grad,Single,Blue-Collar,Other,Female,40,0
60,Private,HS-grad,Married,Blue-Collar,White,Male,35,0
42,Private,Bachelors,Divorced,White-Collar,White,Female,45,0
41,Private,Assoc,Married,Service,White,Female,38,1
49,Self-Employed,Bachelors,Married,Blue-Collar,White,Male,70,0
76,Self-Employed,School,Single,Blue-Collar,White,Male,30,0
43,Self-Employed,Some-college,Married,Blue-Collar,White,Male,84,0
51,Private,Some-college,Married,Blue-Collar,White,Male,40,0
40,Self-Employed,HS-grad,Married,Blue-Collar,White,Male,30,0
59,Private,School,Married,Service,White,Female,99,0
45,Private,Bachelors,Married,Sales,White,Male,55,0
51,Private,HS-grad,Married,Professional,White,Male,40,0
52,Private,HS-grad,Married,Blue-Collar,Other,Female,40,0
60,Self-Employed,HS-grad,Divorced,Sales,Other,Male,55,0
64,Private,HS-grad,Married,Blue-Collar,White,Male,40,0
42,Government,Masters,Married,Professional,White,Male,55,0
36,Government,Some-college,Married,Blue-Collar,White,Female,40,0
39,Private,HS-grad,Separated,Blue-Collar,Other,Male,40,0
62,Other/Unknown,School,Single,Other/Unknown,White,Female,40,0
42,Self-Employed,Bachelors,Married,Professional,White,Male,40,1
36,Private,School,Single,Blue-Collar,White,Female,34,0
43,Private,Prof-school,Married,Professional,White,Male,60,1
52,Other/Unknown,Some-college,Married,Other/Unknown,White,Male,50,0
51,Private,Assoc,Separated,Professional,White,Female,40,0
42,Private,Some-college,Married,Blue-Collar,White,Male,38,0
57,Private,School,Widowed,Service,White,Female,40,0
40,Private,Bachelors,Married,Professional,Other,Male,40,1
41,Private,Bachelors,Married,White-Collar,White,Male,50,1
47,Private,School,Married,Blue-Collar,White,Male,40,0
30,Private,Bachelors,Single,Professional,White,Male,45,1
39,Private,Masters,Married,White-Collar,White,Female,65,1
37,Self-Employed,Some-college,Married,White-Collar,White,Female,15,0
49,Private,HS-grad,Divorced,White-Collar,White,Female,40,0
45,Private,Some-college,Divorced,White-Collar,White,Female,40,0
55,Private,HS-grad,Divorced,Sales,White,Female,40,0
37,Private,Some-college,Widowed,Blue-Collar,Other,Female,48,0
32,Private,Some-college,Married,White-Collar,White,Male,40,1
47,Self-Employed,Some-college,Divorced,Service,White,Female,45,0
29,Private,Bachelors,Single,White-Collar,White,Female,45,1
39,Self-Employed,Prof-school,Married,Professional,White,Male,65,1
46,Self-Employed,HS-grad,Married,Blue-Collar,White,Male,70,0
68,Private,School,Divorced,Blue-Collar,White,Male,20,0
31,Self-Employed,Assoc,Married,Blue-Collar,White,Male,50,1
37,Private,School,Married,Service,White,Male,40,0
49,Government,Assoc,Divorced,White-Collar,Other,Female,44,0
61,Private,HS-grad,Married,Blue-Collar,White,Male,20,0
38,Self-Employed,School,Married,Blue-Collar,White,Male,56,0
27,Private,Masters,Married,White-Collar,White,Male,45,1
42,Other/Unknown,School,Married,Other/Unknown,White,Male,22,0
55,Government,Bachelors,Single,Professional,White,Female,40,0
41,Private,School,Divorced,Blue-Collar,Other,Female,40,0
62,Private,HS-grad,Widowed,Sales,White,Female,43,0
58,Private,Assoc,Married,Blue-Collar,White,Male,40,0
35,Private,Masters,Married,Professional,White,Female,50,1
42,Government,HS-grad,Married,White-Collar,White,Male,8,0
48,Private,Some-college,Married,Blue-Collar,White,Male,40,0
36,Private,Some-college,Married,White-Collar,White,Male,60,0
37,Private,Masters,Married,White-Collar,White,Male,40,1
62,Private,School,Married,Professional,White,Male,20,0
56,Private,HS-grad,Divorced,White-Collar,Other,Male,40,0
45,Government,Bachelors,Married,White-Collar,White,Male,40,0
40,Private,Some-college,Married,Blue-Collar,White,Male,40,0
43,Government,HS-grad,Married,Blue-Collar,White,Male,40,0
64,Self-Employed,Some-college,Married,Sales,White,Male,20,0
26,Private,Bachelors,Married,White-Collar,White,Female,40,1
40,Private,Masters,Divorced,Professional,White,Male,43,0
46,Self-Employed,Bachelors,Married,Sales,White,Male,52,0
40,Self-Employed,Prof-school,Married,Professional,White,Male,45,1
40,Private,HS-grad,Separated,Blue-Collar,Other,Male,40,0
47,Private,HS-grad,Divorced,White-Collar,Other,Female,45,0
26,Private,Bachelors,Married,Blue-Collar,White,Male,58,1
34,Private,Assoc,Married,White-Collar,Other,Male,45,1
64,Self-Employed,HS-grad,Widowed,Service,White,Female,40,0
43,Private,HS-grad,Married,Blue-Collar,Other,Male,40,0
37,Self-Employed,Assoc,Married,Blue-Collar,White,Male,55,0
33,Private,Masters,Married,Professional,White,Male,33,1
36,Government,Prof-school,Divorced,Professional,Other,Female,40,0
42,Private,Some-college,Divorced,Blue-Collar,White,Male,40,0
61,Self-Employed,School,Married,Blue-Collar,White,Male,20,0
22,Self-Employed,Some-college,Single,Sales,Other,Male,55,1
50,Self-Employed,Bachelors,Married,White-Collar,White,Male,35,0
46,Government,Assoc,Divorced,Blue-Collar,Other,Female,60,0
65,Private,School,Married,Blue-Collar,White,Male,20,0
42,Private,School,Separated,White-Collar,White,Male,40,0
43,Government,HS-grad,Single,Blue-Collar,White,Male,60,0
37,Private,Bachelors,Married,Professional,White,Male,50,1
48,Private,HS-grad,Divorced,Blue-Collar,White,Male,40,0
41,Government,Some-college,Married,White-Collar,White,Male,40,0
45,Private,Masters,Divorced,Professional,White,Male,45,0
52,Private,Assoc,Separated,White-Collar,Other,Female,60,0
53,Self-Employed,School,Married,Blue-Collar,White,Male,40,0
40,Private,Bachelors,Single,Service,Other,Female,48,0
55,Self-Employed,School,Widowed,Blue-Collar,White,Male,40,0
37,Private,Masters,Divorced,Professional,White,Male,48,0
41,Private,HS-grad,Married,Service,White,Male,40,0
46,Government,HS-grad,Divorced,Professional,White,Female,40,0
42,Government,Some-college,Divorced,White-Collar,White,Female,38,0
44,Private,HS-grad,Divorced,White-Collar,White,Female,40,0
38,Private,HS-grad,Single,Professional,White,Male,40,0
38,Government,Some-college,Single,Service,White,Male,12,0
35,Private,Masters,Married,Sales,White,Male,55,1
39,Government,Some-college,Married,White-Collar,White,Male,40,0
40,Private,Some-college,Separated,White-Collar,White,Female,20,0
30,Other/Unknown,Bachelors,Married,Other/Unknown,Other,Female,40,1
38,Government,Some-college,Married,White-Collar,White,Male,45,1
90,Private,HS-grad,Single,Service,White,Female,40,0
27,Government,Some-college,Married,White-Collar,Other,Male,40,1
36,Private,Bachelors,Divorced,Service,White,Male,20,0
37,Private,HS-grad,Divorced,White-Collar,White,Female,12,0
60,Private,HS-grad,Widowed,Sales,White,Female,50,0
53,Private,School,Married,Blue-Collar,White,Male,40,0
54,Government,HS-grad,Married,Professional,White,Male,40,0
39,Private,Some-college,Divorced,Blue-Collar,White,Male,65,0
41,Private,HS-grad,Married,Blue-Collar,White,Male,45,0
36,Other/Unknown,Bachelors,Single,Other/Unknown,White,Female,40,0
58,Government,HS-grad,Married,Blue-Collar,White,Male,48,0
38,Private,Some-college,Single,Service,White,Male,40,0
40,Private,HS-grad,Married,White-Collar,White,Male,40,0
49,Private,Assoc,Married,Blue-Collar,White,Female,40,0
47,Self-Employed,Doctorate,Married,Blue-Collar,White,Male,45,0
42,Government,Some-college,Divorced,White-Collar,White,Female,40,0
32,Private,HS-grad,Married,White-Collar,White,Male,40,1
50,Government,Masters,Divorced,Professional,Other,Female,30,0
63,Government,Bachelors,Divorced,Blue-Collar,Other,Male,35,0
54,Private,School,Married,Blue-Collar,White,Male,40,0
45,Private,HS-grad,Widowed,Blue-Collar,White,Female,40,0
49,Private,HS-grad,Married,Blue-Collar,White,Male,40,0
32,Private,Bachelors,Married,Blue-Collar,White,Male,50,1
25,Private,Bachelors,Married,Professional,White,Male,45,1
41,Private,Some-college,Single,Blue-Collar,Other,Male,43,0
40,Private,HS-grad,Divorced,Blue-Collar,White,Female,40,0
60,Private,Assoc,Married,Service,White,Male,40,0
42,Self-Employed,Some-college,Married,Blue-Collar,White,Male,60,0
56,Private,School,Married,Blue-Collar,Other,Male,40,0
33,Self-Employed,Bachelors,Married,Professional,White,Female,50,1
29,Self-Employed,HS-grad,Married,Professional,White,Male,65,1
47,Private,Assoc,Divorced,Professional,White,Female,40,0
59,Government,HS-grad,Widowed,Blue-Collar,White,Male,40,0
42,Self-Employed,Assoc,Married,Blue-Collar,Other,Male,40,0
36,Government,Bachelors,Married,White-Collar,White,Male,50,1
37,Private,Bachelors,Married,Professional,Other,Male,50,1
41,Private,Bachelors,Single,Blue-Collar,White,Male,40,0
34,Private,Bachelors,Married,Professional,White,Female,36,1
51,Private,HS-grad,Married,Blue-Collar,Other,Male,40,0
39,Government,HS-grad,Separated,Service,White,Male,40,0
38,Private,Some-college,Divorced,Blue-Collar,White,Male,40,0
33,Government,Doctorate,Married,Professional,White,Female,48,1
39,Private,School,Married,Blue-Collar,White,Male,40,0
37,Self-Employed,Prof-school,Married,Professional,White,Male,40,1
36,Private,HS-grad,Married,Blue-Collar,Other,Male,40,0
61,Private,HS-grad,Married,Blue-Collar,White,Male,40,0
58,Private,HS-grad,Divorced,White-Collar,White,Female,40,0
41,Self-Employed,Bachelors,Married,White-Collar,White,Female,40,1
42,Private,School,Divorced,Blue-Collar,White,Male,40,0
38,Self-Employed,HS-grad,Single,Blue-Collar,Other,Male,15,0
38,Private,Assoc,Single,Service,White,Female,40,0
70,Self-Employed,Some-college,Married,White-Collar,White,Male,35,0
36,Government,Some-college,Married,Service,White,Male,40,1
40,Private,HS-grad,Divorced,Blue-Collar,White,Male,40,0
69,Other/Unknown,School,Married,Other/Unknown,White,Male,48,0
41,Self-Employed,Prof-school,Married,Professional,White,Male,60,1
31,Private,Bachelors,Married,White-Collar,White,Male,55,1
41,Private,Assoc,Married,Sales,White,Male,40,0
56,Private,Some-college,Divorced,White-Collar,White,Female,40,0
40,Government,Masters,Married,Professional,White,Male,35,1
48,Private,HS-grad,Single,Blue-Collar,Other,Female,40,0
36,Government,Masters,Single,Professional,White,Female,40,0
42,Private,HS-grad,Separated,Blue-Collar,White,Male,40,0
29,Private,Bachelors,Married,White-Collar,White,Male,50,1
37,Government,Bachelors,Married,Professional,White,Female,30,1
43,Government,Bachelors,Married,Service,White,Male,55,1
36,Self-Employed,HS-grad,Married,White-Collar,White,Male,50,1
67,Private,HS-grad,Widowed,Sales,White,Female,18,0
58,Private,HS-grad,Divorced,White-Collar,Other,Female,36,0
51,Government,HS-grad,Married,White-Collar,White,Male,40,0
37,Private,Bachelors,Married,White-Collar,White,Male,60,1
42,Private,Some-college,Married,Blue-Collar,White,Female,37,1
38,Other/Unknown,Prof-school,Divorced,Other/Unknown,White,Female,30,0
72,Private,Bachelors,Married,Sales,White,Male,6,0
46,Private,School,Married,Service,White,Female,24,0
35,Private,Masters,Single,Blue-Collar,White,Male,50,1
46,Government,HS-grad,Married,White-Collar,White,Male,65,0
54,Private,HS-grad,Single,Professional,White,Male,40,0
44,Private,HS-grad,Married,Service,Other,Female,40,0
28,Private,HS-grad,Married,Sales,White,Male,40,1
44,Self-Employed,Some-college,Married,White-Collar,White,Male,50,1
58,Self-Employed,HS-grad,Married,Blue-Collar,White,Male,50,0
64,Private,Masters,Married,Professional,Other,Male,60,0
43,Private,Bachelors,Single,White-Collar,White,Male,40,0
47,Government,Some-college,Divorced,White-Collar,Other,Female,40,0
37,Private,Some-college,Married,Blue-Collar,White,Male,70,0
63,Self-Employed,HS-grad,Married,Blue-Collar,White,Male,30,0
61,Other/Unknown,HS-grad,Married,Other/Unknown,Other,Male,6,0
46,Private,HS-grad,Married,White-Collar,White,Male,40,0
39,Private,Bachelors,Divorced,Service,White,Female,40,0
37,Private,Bachelors,Married,White-Collar,White,Male,40,1
34,Government,Prof-school,Married,Professional,White,Male,40,1
40,Government,School,Married,Service,White,Female,40,1
47,Private,Some-college,Divorced,Sales,White,Male,55,0
61,Private,Some-college,Divorced,Sales,White,Female,40,0
61,Private,Some-college,Widowed,White-Collar,White,Female,40,0
58,Private,Assoc,Divorced,White-Collar,White,Male,40,0
36,Self-Employed,Bachelors,Married,White-Collar,White,Male,50,1
43,Private,School,Married,Blue-Collar,White,Male,35,0
56,Self-Employed,School,Divorced,Sales,White,Male,40,0
49,Government,Bachelors,Single,Professional,White,Female,50,0
40,Private,HS-grad,Married,Service,White,Male,30,0
46,Private,HS-grad,Divorced,Professional,White,Female,40,0
72,Other/Unknown,Some-college,Married,Other/Unknown,White,Male,32,0
37,Government,Some-college,Divorced,White-Collar,White,Female,40,0
36,Government,Assoc,Married,Service,White,Male,40,0
38,Self-Employed,Masters,Single,Professional,White,Male,40,1
36,Private,School,Single,White-Collar,White,Male,50,0
46,Government,Masters,Divorced,Professional,White,Female,60,0
42,Government,Bachelors,Single,White-Collar,White,Female,40,0
49,Self-Employed,Some-college,Divorced,White-Collar,Other,Female,40,0
25,Private,Masters,Single,Professional,White,Female,40,1
35,Private,Masters,Married,White-Collar,White,Male,50,1
60,Self-Employed,HS-grad,Divorced,Blue-Collar,Other,Male,50,0
44,Private,Some-college,Married,Blue-Collar,White,Male,40,0
42,Private,HS-grad,Married,Blue-Collar,White,Male,40,0
58,Government,Some-college,Widowed,Professional,White,Female,20,0
42,Government,Assoc,Divorced,Professional,Other,Male,40,0
71,Private,School,Single,Service,White,Female,75,0
44,Private,HS-grad,Married,Blue-Collar,White,Male,45,0
37,Self-Employed,Assoc,Married,Sales,White,Male,40,1
45,Private,Some-college,Married,White-Collar,White,Male,40,0
64,Other/Unknown,Prof-school,Married,Other/Unknown,White,Male,16,0
53,Private,HS-grad,Divorced,Sales,White,Female,37,0
39,Private,HS-grad,Married,Blue-Collar,White,Male,40,0
32,Private,HS-grad,Married,Sales,White,Male,50,1
35,Self-Employed,HS-grad,Married,Blue-Collar,White,Male,60,1
37,Private,School,Separated,Service,White,Female,16,0
43,Government,Bachelors,Married,Professional,White,Male,40,1
45,Private,Some-college,Divorced,White-Collar,White,Female,40,0
39,Private,HS-grad,Married,Sales,White,Male,50,0
38,Other/Unknown,HS-grad,Married,Other/Unknown,White,Male,24,0
37,Private,Some-college,Married,Blue-Collar,White,Male,40,1
49,Private,Bachelors,Single,Service,Other,Female,35,0
90,Other/Unknown,HS-grad,Widowed,Other/Unknown,White,Male,4,0
44,Private,Bachelors,Divorced,Professional,Other,Male,40,0
47,Government,Bachelors,Divorced,Professional,Other,Female,40,0
45,Government,HS-grad,Married,White-Collar,White,Female,40,0
66,Other/Unknown,Bachelors,Married,Other/Unknown,White,Male,6,0
33,Government,Doctorate,Married,Professional,White,Male,40,1
47,Private,Some-college,Married,White-Collar,White,Male,45,0
37,Private,HS-grad,Married,Blue-Collar,White,Male,45,1
41,Private,School,Married,Blue-Collar,White,Male,40,0
41,Government,Some-college,Married,Blue-Collar,White,Female,40,1
44,Private,Bachelors,Married,White-Collar,White,Male,45,0
61,Private,HS-grad,Married,Blue-Collar,White,Male,40,0
42,Private,Doctorate,Single,Professional,White,Male,50,0
35,Other/Unknown,Assoc,Married,Other/Unknown,White,Female,20,1
63,Government,Some-college,Married,Service,White,Male,32,0
39,Self-Employed,Bachelors,Married,White-Collar,Other,Male,50,0
67,Private,Masters,Single,Service,White,Female,40,0
36,Government,Bachelors,Single,Professional,Other,Male,35,0
34,Private,Bachelors,Married,Blue-Collar,Other,Male,40,1
41,Private,HS-grad,Single,Blue-Collar,White,Female,40,0
36,Private,School,Single,Blue-Collar,White,Male,40,0
38,Self-Employed,Some-college,Married,White-Collar,White,Male,80,1
46,Private,Assoc,Single,Blue-Collar,White,Male,50,0
39,Self-Employed,HS-grad,Married,White-Collar,White,Male,40,1
37,Private,Assoc,Divorced,White-Collar,White,Female,40,0
59,Private,Some-college,Married,Sales,White,Male,40,0
45,Private,Assoc,Divorced,White-Collar,White,Female,40,0
37,Private,Some-college,Divorced,White-Collar,Other,Female,35,0
62,Self-Employed,School,Widowed,Blue-Collar,White,Female,35,0
38,Private,Assoc,Married,Blue-Collar,White,Male,40,0
43,Private,Some-college,Single,White-Collar,White,Male,55,0
60,Private,HS-grad,Married,Service,White,Male,34,0
54,Private,HS-grad,Widowed,Service,White,Female,40,0
62,Government,Bachelors,Married,White-Collar,White,Male,38,0
52,Other/Unknown,Prof-school,Married,Other/Unknown,Other,Female,40,0
33,Private,Assoc,Single,White-Collar,White,Male,55,1
38,Government,Bachelors,Married,White-Collar,White,Male,37,0
44,Private,HS-grad,Married,Blue-Collar,White,Male,41,0
38,Private,HS-grad,Married,Blue-Collar,White,Male,40,1
40,Self-Employed,Assoc,Married,White-Collar,White,Female,40,1
48,Private,HS-grad,Married,Service,White,Male,89,0
45,Government,Bachelors,Divorced,White-Collar,Other,Female,60,0
65,Other/Unknown,HS-grad,Married,Other/Unknown,White,Male,20,0
54,Private,Assoc,Widowed,White-Collar,White,Female,40,0
67,Other/Unknown,School,Married,Other/Unknown,White,Male,4,0
31,Private,Bachelors,Married,Professional,White,Female,40,1
67,Private,School,Widowed,Blue-Collar,White,Female,34,0
57,Self-Employed,School,Married,Sales,White,Male,15,0
31,Private,Bachelors,Married,White-Collar,White,Male,70,1
41,Government,School,Single,Service,Other,Female,40,0
43,Private,Some-college,Separated,Blue-Collar,White,Male,51,1
61,Private,School,Married,Blue-Collar,White,Male,31,0
49,Private,School,Divorced,Service,White,Female,35,0
41,Private,Some-college,Married,Sales,White,Male,35,1
51,Private,HS-grad,Widowed,Service,White,Female,32,0
41,Private,School,Divorced,Blue-Collar,White,Male,40,0
39,Private,Assoc,Married,Blue-Collar,White,Male,40,1
49,Private,HS-grad,Married,Blue-Collar,White,Male,40,0
44,Private,HS-grad,Single,Service,White,Male,30,0
50,Private,HS-grad,Married,Blue-Collar,White,Male,40,0
43,Private,Some-college,Married,Blue-Collar,White,Male,60,1
43,Private,HS-grad,Married,Blue-Collar,White,Male,40,0
53,Self-Employed,Some-college,Married,Blue-Collar,White,Male,45,0
48,Private,HS-grad,Widowed,Blue-Collar,White,Female,16,0
31,Private,Assoc,Married,White-Collar,White,Male,40,1
35,Self-Employed,HS-grad,Married,Blue-Collar,White,Male,40,1
51,Private,HS-grad,Single,White-Collar,White,Female,40,0
53,Private,Bachelors,Married,Sales,White,Male,30,0
38,Private,Some-college,Married,Sales,White,Male,40,0
47,Private,HS-grad,Single,Service,White,Female,40,0
46,Private,HS-grad,Single,Service,White,Male,40,0
44,Private,Some-college,Married,Blue-Collar,White,Male,40,0
51,Self-Employed,HS-grad,Married,Blue-Collar,White,Male,40,0
36,Private,Bachelors,Single,Professional,White,Male,50,0
36,Private,HS-grad,Married,Service,White,Male,60,1
44,Government,Masters,Married,Professional,White,Female,40,1
43,Self-Employed,HS-grad,Married,Blue-Collar,White,Male,40,0
41,Private,Some-college,Single,Blue-Collar,Other,Male,40,0
36,Private,HS-grad,Married,Blue-Collar,White,Male,64,1
36,Private,Bachelors,Married,White-Collar,White,Male,50,1
53,Private,Bachelors,Divorced,White-Collar,White,Male,40,0
40,Private,Assoc,Divorced,White-Collar,White,Female,40,1
59,Self-Employed,HS-grad,Married,Blue-Collar,White,Male,70,0
34,Private,HS-grad,Married,Blue-Collar,White,Male,40,1
33,Private,Masters,Married,Professional,White,Male,50,1
42,Self-Employed,Bachelors,Married,Blue-Collar,White,Male,45,0
40,Private,HS-grad,Divorced,Service,Other,Male,40,0
38,Government,Some-college,Married,Blue-Collar,White,Male,45,0
77,Self-Employed,Some-college,Widowed,White-Collar,White,Female,1,0
59,Private,School,Single,Service,White,Male,32,0
58,Private,School,Married,Blue-Collar,White,Male,40,0
43,Private,Bachelors,Separated,Professional,White,Female,40,0
50,Self-Employed,School,Divorced,Blue-Collar,White,Male,45,0
39,Private,Bachelors,Married,Sales,White,Male,60,1
59,Private,Some-college,Separated,White-Collar,White,Male,40,0
61,Self-Employed,HS-grad,Widowed,White-Collar,White,Female,20,0
66,Other/Unknown,HS-grad,Married,Other/Unknown,White,Female,20,0
36,Private,HS-grad,Separated,Sales,Other,Female,40,0
40,Private,HS-grad,Single,Service,White,Female,35,0
44,Private,School,Separated,Service,Other,Female,30,0
38,Private,HS-grad,Married,Blue-Collar,White,Male,65,1
62,Private,Assoc,Divorced,Service,White,Male,40,0
49,Private,HS-grad,Divorced,Service,White,Female,35,0
39,Private,Assoc,Married,Service,White,Male,40,1
36,Private,School,Separated,White-Collar,White,Female,32,0
39,Private,Some-college,Married,White-Collar,White,Male,60,0
38,Private,Bachelors,Married,Professional,White,Male,50,1
77,Private,School,Married,Blue-Collar,Other,Male,30,0
41,Private,HS-grad,Divorced,Blue-Collar,White,Male,40,0
37,Self-Employed,Some-college,Divorced,White-Collar,White,Female,40,0
53,Other/Unknown,School,Married,Other/Unknown,White,Male,35,0
39,Private,Bachelors,Married,White-Collar,White,Male,60,1
29,Private,Bachelors,Single,Sales,White,Female,35,1
53,Self-Employed,Some-college,Married,Blue-Collar,White,Male,60,0
51,Private,HS-grad,Married,Blue-Collar,White,Male,40,0
40,Private,Assoc,Married,White-Collar,White,Male,44,1
38,Government,HS-grad,Single,Service,Other,Female,38,0
45,Private,Some-college,Divorced,White-Collar,White,Male,50,0
38,Private,HS-grad,Married,Blue-Collar,White,Male,40,0
53,Private,Bachelors,Divorced,Service,White,Female,40,0
39,Private,HS-grad,Married,Blue-Collar,White,Male,40,1
40,Private,Some-college,Married,Professional,White,Male,40,1
42,Private,HS-grad,Divorced,White-Collar,White,Male,40,0
51,Self-Employed,HS-grad,Married,Blue-Collar,White,Male,70,0
43,Self-Employed,School,Married,Blue-Collar,White,Male,55,0
38,Private,HS-grad,Single,Professional,White,Male,40,0
42,Private,HS-grad,Married,Blue-Collar,White,Male,60,1
44,Private,Bachelors,Married,White-Collar,White,Male,40,1
39,Private,HS-grad,Married,Blue-Collar,White,Male,55,0
41,Private,Bachelors,Married,White-Collar,White,Male,40,0
51,Private,HS-grad,Married,Blue-Collar,White,Male,40,0
37,Private,Masters,Married,Professional,White,Male,50,1
35,Private,Bachelors,Single,White-Collar,White,Female,50,1
36,Private,Bachelors,Married,Professional,White,Male,38,0
49,Government,Assoc,Divorced,White-Collar,White,Female,30,0
53,Private,School,Married,Blue-Collar,Other,Male,40,0
33,Government,Assoc,Married,Service,White,Male,48,1
56,Private,HS-grad,Married,Blue-Collar,White,Male,50,0
51,Government,HS-grad,Divorced,Service,White,Male,40,0
32,Private,Bachelors,Married,Sales,White,Male,42,1
47,Private,Bachelors,Married,Service,White,Male,40,0
46,Government,School,Single,Service,Other,Female,40,0
45,Private,Some-college,Married,White-Collar,White,Male,40,0
42,Government,Some-college,Married,Service,White,Male,40,1
62,Other/Unknown,HS-grad,Married,Other/Unknown,White,Male,40,0
41,Self-Employed,Prof-school,Married,White-Collar,White,Male,40,1
35,Government,Masters,Single,Professional,White,Male,60,1
41,Self-Employed,Bachelors,Married,Professional,White,Male,50,0
45,Private,School,Married,Blue-Collar,White,Male,40,0
46,Private,HS-grad,Married,Blue-Collar,White,Male,40,0
31,Self-Employed,Some-college,Married,Sales,Other,Male,60,1
40,Private,Some-college,Married,Blue-Collar,White,Male,40,0
42,Private,HS-grad,Married,Blue-Collar,White,Male,16,0
46,Private,Bachelors,Divorced,Blue-Collar,White,Male,48,0
42,Private,Some-college,Separated,White-Collar,Other,Female,41,0
41,Self-Employed,HS-grad,Married,White-Collar,White,Male,50,0
60,Private,School,Married,Blue-Collar,White,Male,45,0
48,Private,HS-grad,Divorced,Service,White,Female,35,0
41,Private,HS-grad,Married,Blue-Collar,Other,Female,40,0
54,Private,Masters,Married,Service,White,Male,40,0
41,Private,Some-college,Divorced,Sales,White,Female,48,0
48,Private,School,Married,Sales,White,Male,70,0
40,Self-Employed,HS-grad,Single,Sales,White,Male,51,0
65,Private,Some-college,Married,Service,White,Male,16,0
53,Private,HS-grad,Married,Blue-Collar,White,Male,40,0
54,Private,Some-college,Single,Service,White,Male,40,0
51,Private,Some-college,Married,Blue-Collar,White,Male,40,0
58,Private,Assoc,Divorced,White-Collar,White,Female,40,0
43,Private,HS-grad,Married,Blue-Collar,White,Male,70,1
49,Private,Assoc,Single,Sales,Other,Male,40,0
48,Private,Some-college,Separated,Service,White,Female,25,0
56,Private,School,Married,Service,White,Male,40,0
40,Private,HS-grad,Married,Blue-Collar,White,Male,40,1
66,Other/Unknown,Some-college,Widowed,Other/Unknown,Other,Female,40,0
61,Government,Masters,Single,Professional,White,Female,25,0
66,Private,School,Married,Sales,White,Male,26,0
50,Private,HS-grad,Married,Blue-Collar,White,Male,40,0
79,Government,School,Married,White-Collar,White,Male,7,0
55,Private,Some-college,Divorced,Blue-Collar,White,Female,40,0
63,Private,Some-college,Married,Blue-Collar,White,Male,45,0
28,Private,Some-college,Married,Sales,White,Male,55,1
52,Private,Some-college,Divorced,White-Collar,White,Female,45,0
52,Private,HS-grad,Married,White-Collar,White,Male,40,0
49,Private,School,Married,Blue-Collar,White,Male,40,0
36,Private,HS-grad,Married,Blue-Collar,White,Male,40,1
57,Private,Some-college,Single,Blue-Collar,Other,Male,40,0
40,Private,HS-grad,Married,Service,Other,Male,30,0
71,Self-Employed,School,Divorced,Blue-Collar,White,Female,28,0
49,Private,HS-grad,Married,White-Collar,White,Male,40,0
40,Private,HS-grad,Divorced,Blue-Collar,White,Male,40,0
25,Private,HS-grad,Married,Sales,White,Male,26,1
26,Private,Assoc,Married,Blue-Collar,White,Male,65,1
61,Private,HS-grad,Widowed,White-Collar,White,Female,40,0
45,Government,Some-college,Divorced,White-Collar,White,Female,40,0
59,Self-Employed,School,Married,Service,White,Male,15,0
41,Government,HS-grad,Married,White-Collar,White,Female,40,0
39,Private,HS-grad,Married,Blue-Collar,Other,Male,40,0
41,Private,HS-grad,Divorced,White-Collar,White,Female,43,0
49,Government,Assoc,Divorced,White-Collar,Other,Female,45,0
66,Other/Unknown,School,Single,Other/Unknown,White,Male,30,0
30,Government,Bachelors,Married,Service,White,Male,40,1
55,Self-Employed,School,Married,Blue-Collar,White,Male,50,0
53,Other/Unknown,HS-grad,Married,Other/Unknown,White,Male,40,0
44,Private,HS-grad,Single,Blue-Collar,Other,Male,40,0
73,Other/Unknown,Prof-school,Married,Other/Unknown,White,Male,40,0
45,Private,Bachelors,Married,White-Collar,White,Male,32,0
36,Private,HS-grad,Married,Blue-Collar,White,Male,85,0
53,Private,School,Widowed,Service,White,Female,47,0
60,Private,Some-college,Divorced,White-Collar,White,Female,40,0
56,Other/Unknown,HS-grad,Divorced,Other/Unknown,White,Male,10,0
42,Private,HS-grad,Married,Blue-Collar,White,Male,40,1
40,Private,Assoc,Divorced,Professional,White,Female,40,0
40,Self-Employed,HS-grad,Married,White-Collar,White,Male,40,0
43,Government,Masters,Single,Professional,White,Male,38,0
40,Private,Masters,Divorced,Professional,White,Male,20,0
60,Government,Assoc,Married,Service,Other,Male,40,0
50,Private,HS-grad,Married,Blue-Collar,White,Male,50,0
43,Self-Employed,Prof-school,Married,Professional,White,Male,60,1
43,Self-Employed,Masters,Married,White-Collar,White,Male,45,0
41,Government,Some-college,Divorced,White-Collar,White,Female,40,0
40,Private,Some-college,Divorced,Sales,White,Male,40,0
51,Private,Some-college,Married,Sales,White,Male,40,0
45,Private,HS-grad,Divorced,White-Collar,White,Female,28,0
41,Government,Bachelors,Single,White-Collar,White,Male,40,1
52,Private,School,Single,Blue-Collar,White,Female,40,0
38,Private,School,Single,Service,White,Female,17,0
49,Private,School,Married,Service,White,Female,6,0
58,Other/Unknown,Bachelors,Widowed,Other/Unknown,White,Female,40,0
37,Government,Assoc,Married,Service,White,Male,40,1
40,Private,Assoc,Married,Professional,White,Female,36,0
43,Private,Bachelors,Married,White-Collar,White,Male,40,1
61,Private,HS-grad,Married,Blue-Collar,White,Male,40,0
67,Private,School,Married,Blue-Collar,White,Male,24,0
46,Private,Bachelors,Married,White-Collar,White,Male,51,0
58,Government,HS-grad,Married,White-Collar,White,Male,50,0
38,Private,Some-college,Married,Sales,White,Female,40,0
48,Private,HS-grad,Widowed,Blue-Collar,White,Female,48,0
71,Government,Bachelors,Widowed,Professional,White,Female,6,0
77,Self-Employed,Some-college,Married,Sales,White,Male,8,0
64,Private,HS-grad,Widowed,Professional,White,Female,23,0
42,Government,Assoc,Divorced,White-Collar,White,Female,40,0
37,Private,Assoc,Married,White-Collar,White,Male,40,0
30,Private,Bachelors,Married,White-Collar,White,Female,40,1
54,Private,School,Married,Blue-Collar,Other,Male,40,0
42,Private,HS-grad,Single,Blue-Collar,White,Male,40,0
41,Private,HS-grad,Separated,Service,White,Female,40,0
37,Self-Employed,HS-grad,Married,Blue-Collar,White,Male,72,0
43,Self-Employed,HS-grad,Married,Service,Other,Male,78,0
51,Private,HS-grad,Married,Blue-Collar,White,Male,40,0
40,Private,Some-college,Divorced,White-Collar,White,Female,40,0
39,Private,Bachelors,Married,Sales,White,Male,55,0
36,Government,School,Single,Service,White,Female,23,0
39,Private,Masters,Married,Professional,White,Male,40,1
54,Private,Some-college,Widowed,White-Collar,White,Female,40,0
67,Other/Unknown,School,Widowed,Other/Unknown,White,Female,35,0
41,Private,HS-grad,Married,White-Collar,White,Male,40,1
41,Government,HS-grad,Married,Blue-Collar,White,Male,60,0
42,Private,HS-grad,Married,Blue-Collar,White,Male,43,0
45,Government,Some-college,Single,White-Collar,White,Male,40,0
30,Private,Some-college,Married,Professional,White,Male,25,1
26,Private,Bachelors,Married,Blue-Collar,White,Male,40,1
51,Other/Unknown,Some-college,Divorced,Other/Unknown,Other,Male,50,0
61,Government,Bachelors,Separated,Professional,White,Male,30,0
35,Private,Some-college,Married,Blue-Collar,White,Male,40,1
55,Private,HS-grad,Married,White-Collar,White,Male,50,0
39,Private,HS-grad,Separated,Blue-Collar,Other,Male,40,0
34,Government,Bachelors,Married,Professional,White,Male,40,1
38,Private,School,Divorced,Sales,White,Female,40,0
65,Private,Some-college,Married,White-Collar,White,Female,45,0
34,Self-Employed,Prof-school,Separated,Professional,White,Male,48,1
44,Private,Some-college,Separated,Blue-Collar,Other,Male,40,0
39,Private,HS-grad,Separated,White-Collar,White,Female,20,0
36,Private,HS-grad,Single,White-Collar,Other,Female,40,0
37,Private,Some-college,Divorced,Service,Other,Female,40,0
39,Private,HS-grad,Married,Blue-Collar,White,Male,40,0
45,Self-Employed,Assoc,Divorced,Sales,White,Female,30,0
45,Self-Employed,Some-college,Married,Service,White,Male,42,0
42,Private,HS-grad,Married,Sales,White,Male,48,0
53,Private,Some-college,Married,Service,White,Male,40,0
33,Self-Employed,Bachelors,Married,White-Collar,White,Male,40,1
60,Private,HS-grad,Married,Blue-Collar,White,Male,40,0
38,Private,HS-grad,Married,Blue-Collar,White,Male,44,0
36,Self-Employed,Bachelors,Married,White-Collar,White,Male,40,1
44,Government,Masters,Married,Professional,White,Male,40,1
34,Private,Bachelors,Married,White-Collar,White,Male,45,1
57,Self-Employed,HS-grad,Married,Service,White,Male,60,0
57,Government,HS-grad,Married,Blue-Collar,White,Male,72,0
39,Self-Employed,Assoc,Married,White-Collar,White,Male,50,1
38,Private,Prof-school,Single,White-Collar,White,Male,40,1
50,Private,School,Married,Service,White,Male,8,0
48,Private,HS-grad,Married,Blue-Collar,White,Male,43,0
40,Self-Employed,Bachelors,Married,Sales,White,Male,45,1
32,Private,Bachelors,Married,White-Collar,White,Male,60,1
61,Private,HS-grad,Divorced,White-Collar,White,Female,40,0
29,Private,Bachelors,Married,Professional,White,Female,50,1
38,Self-Employed,HS-grad,Married,White-Collar,White,Male,65,0
33,Private,Bachelors,Married,Professional,White,Female,40,1
42,Self-Employed,Bachelors,Married,Professional,White,Male,21,0
39,Self-Employed,HS-grad,Married,Blue-Collar,White,Male,40,1
71,Self-Employed,School,Married,Blue-Collar,White,Male,8,0
71,Private,HS-grad,Married,Sales,White,Male,36,0
41,Self-Employed,Assoc,Married,Blue-Collar,White,Male,40,0
66,Private,HS-grad,Widowed,White-Collar,White,Female,25,0
42,Private,HS-grad,Married,White-Collar,White,Male,48,0
54,Private,Assoc,Married,Sales,White,Male,50,0
61,Private,HS-grad,Married,Blue-Collar,White,Male,40,0
56,Self-Employed,School,Widowed,White-Collar,White,Female,40,0
51,Private,Some-college,Married,Sales,White,Male,40,0
37,Private,HS-grad,Married,Blue-Collar,White,Male,50,1
48,Other/Unknown,HS-grad,Married,Other/Unknown,White,Male,40,0
38,Self-Employed,Bachelors,Married,Blue-Collar,White,Male,35,0
53,Other/Unknown,Bachelors,Divorced,Other/Unknown,Other,Female,20,0
61,Government,HS-grad,Married,Service,White,Male,40,0
36,Other/Unknown,School,Divorced,Other/Unknown,White,Female,40,0
55,Government,Some-college,Married,White-Collar,Other,Female,35,0
62,Government,Bachelors,Married,White-Collar,White,Male,40,0
41,Private,Bachelors,Married,White-Collar,Other,Male,50,0
41,Private,HS-grad,Single,Blue-Collar,Other,Female,35,0
43,Private,Bachelors,Married,Sales,White,Male,50,1
38,Private,Assoc,Married,Blue-Collar,White,Male,40,1
44,Private,HS-grad,Single,Blue-Collar,White,Male,70,0
43,Other/Unknown,HS-grad,Married,Other/Unknown,White,Male,40,0
25,Private,Some-college,Married,Blue-Collar,White,Male,60,1
42,Private,Bachelors,Married,White-Collar,Other,Female,40,0
38,Private,HS-grad,Divorced,White-Collar,White,Female,40,0
44,Self-Employed,HS-grad,Married,Professional,White,Female,40,1
55,Private,HS-grad,Single,White-Collar,White,Female,45,0
37,Self-Employed,Masters,Single,White-Collar,White,Male,60,0
40,Private,School,Single,Blue-Collar,White,Male,45,0
40,Private,Assoc,Married,White-Collar,White,Male,40,1
41,Other/Unknown,Assoc,Divorced,Other/Unknown,White,Male,80,0
39,Self-Employed,Some-college,Separated,Blue-Collar,White,Male,60,1
67,Self-Employed,HS-grad,Married,Blue-Collar,White,Male,35,0
39,Self-Employed,HS-grad,Married,White-Collar,White,Male,16,0
47,Private,Some-college,Divorced,White-Collar,White,Female,40,0
57,Private,School,Married,Service,White,Male,40,0
50,Private,Some-college,Single,Blue-Collar,White,Male,38,0
44,Private,Bachelors,Single,Professional,White,Male,40,0
39,Private,HS-grad,Divorced,White-Collar,White,Female,40,0
35,Private,HS-grad,Married,Service,White,Female,40,1
39,Government,Prof-school,Married,Professional,White,Male,50,1
39,Private,Bachelors,Married,Professional,White,Female,36,1
40,Private,Some-college,Married,Blue-Collar,White,Male,45,0
42,Other/Unknown,School,Married,Other/Unknown,White,Male,15,0
44,Government,HS-grad,Married,Service,White,Male,38,0
64,Private,HS-grad,Widowed,White-Collar,White,Female,40,0
53,Government,School,Married,Blue-Collar,White,Male,40,0
45,Self-Employed,Bachelors,Married,Blue-Collar,White,Male,20,0
43,Private,Some-college,Married,Blue-Collar,White,Male,40,1
61,Private,Some-college,Divorced,Service,White,Male,25,0
46,Private,Assoc,Divorced,Service,White,Female,36,0
52,Private,School,Married,Sales,White,Female,15,0
32,Private,HS-grad,Married,Blue-Collar,White,Male,60,1
53,Private,School,Divorced,Service,White,Female,40,0
55,Private,HS-grad,Divorced,Blue-Collar,White,Male,40,0
65,Private,HS-grad,Married,Blue-Collar,White,Male,30,0
27,Private,HS-grad,Single,Sales,White,Male,50,1
36,Private,Bachelors,Married,White-Collar,White,Male,50,1
72,Private,HS-grad,Widowed,Service,White,Female,16,0
42,Self-Employed,Bachelors,Married,Blue-Collar,White,Male,65,0
40,Self-Employed,HS-grad,Married,Blue-Collar,White,Male,60,0
54,Private,HS-grad,Widowed,Service,White,Female,15,0
45,Private,HS-grad,Married,Professional,White,Female,14,0
32,Private,Assoc,Married,Blue-Collar,White,Male,99,1
56,Private,School,Divorced,Blue-Collar,White,Male,40,0
37,Private,HS-grad,Divorced,Blue-Collar,White,Male,40,0
37,Private,HS-grad,Single,Blue-Collar,White,Male,40,0
36,Private,Some-college,Married,White-Collar,White,Male,40,1
40,Self-Employed,HS-grad,Married,White-Collar,White,Male,60,1
44,Private,Masters,Married,Professional,White,Female,45,0
42,Private,School,Married,Service,Other,Female,48,0
37,Government,Bachelors,Single,Professional,White,Female,40,0
36,Private,Some-college,Married,Sales,White,Male,45,1
54,Private,HS-grad,Married,Blue-Collar,White,Male,49,0
33,Government,Masters,Married,Professional,White,Male,50,1
42,Private,Bachelors,Divorced,White-Collar,White,Female,40,0
44,Private,School,Single,Service,White,Female,40,0
49,Self-Employed,HS-grad,Married,Sales,White,Male,60,0
38,Private,HS-grad,Married,White-Collar,White,Male,45,1
43,Private,HS-grad,Married,Blue-Collar,White,Male,70,0
40,Private,HS-grad,Married,Blue-Collar,White,Female,40,1
40,Private,Assoc,Married,Blue-Collar,Other,Male,40,0
42,Private,Some-college,Married,Professional,White,Male,45,0
61,Private,HS-grad,Married,Blue-Collar,White,Male,40,0
46,Private,Bachelors,Married,Service,White,Male,40,0
42,Private,Some-college,Married,Blue-Collar,White,Male,40,0
44,Private,Masters,Divorced,Sales,White,Male,24,0
43,Private,Some-college,Married,White-Collar,White,Female,15,0
51,Private,School,Single,Blue-Collar,White,Male,40,0
38,Private,HS-grad,Single,Professional,White,Female,40,0
43,Self-Employed,Bachelors,Married,Sales,White,Male,60,1
40,Private,Assoc,Married,Blue-Collar,White,Male,40,0
60,Private,School,Married,Blue-Collar,White,Male,40,0
42,Self-Employed,Bachelors,Married,White-Collar,White,Male,70,1
48,Private,HS-grad,Divorced,White-Collar,White,Female,40,0
50,Government,Some-college,Married,White-Collar,Other,Male,40,0
74,Other/Unknown,Bachelors,Widowed,Other/Unknown,Other,Female,35,0
73,Private,HS-grad,Widowed,Service,White,Female,37,0
49,Private,HS-grad,Separated,Sales,White,Male,50,0
40,Private,HS-grad,Widowed,Blue-Collar,White,Female,40,0
50,Private,School,Married,Blue-Collar,White,Male,60,0
35,Private,Some-college,Married,Sales,White,Male,40,1
45,Private,Some-college,Married,Blue-Collar,White,Male,40,0
59,Private,Some-college,Widowed,White-Collar,White,Female,35,0
37,Private,Some-college,Divorced,Service,Other,Female,40,0
60,Private,Some-college,Divorced,Professional,White,Male,42,0
38,Private,Assoc,Married,White-Collar,White,Female,40,1
79,Private,Some-college,Married,White-Collar,White,Male,20,0
55,Private,HS-grad,Separated,Service,White,Male,81,0
56,Private,HS-grad,Single,Blue-Collar,White,Male,32,0
39,Private,Some-college,Married,Sales,White,Male,40,1
44,Private,HS-grad,Married,Service,White,Male,45,1
40,Private,School,Married,Service,White,Male,40,0
37,Government,Bachelors,Single,Professional,White,Male,40,0
41,Private,Some-college,Separated,White-Collar,Other,Female,40,0
32,Private,Bachelors,Married,White-Collar,Other,Male,40,1
52,Private,Masters,Married,Service,White,Male,45,0
31,Private,Some-college,Married,Blue-Collar,White,Male,50,1
53,Government,Some-college,Married,Service,White,Male,35,0
62,Private,Some-college,Widowed,White-Collar,White,Female,40,0
36,Self-Employed,HS-grad,Married,Blue-Collar,White,Male,84,0
35,Self-Employed,Prof-school,Married,Professional,White,Male,50,1
43,Government,Bachelors,Married,Professional,White,Female,45,1
43,Private,Masters,Single,White-Collar,White,Female,45,0
42,Private,Bachelors,Married,White-Collar,White,Male,40,1
36,Government,Bachelors,Married,Sales,White,Male,40,0
36,Private,Prof-school,Divorced,Professional,White,Male,45,1
77,Private,Bachelors,Single,Professional,White,Female,10,0
36,Private,HS-grad,Married,White-Collar,White,Male,40,0
42,Private,Bachelors,Separated,Service,Other,Male,50,0
39,Private,Masters,Married,White-Collar,White,Male,65,1
36,Government,Bachelors,Divorced,Professional,White,Female,40,0
38,Private,HS-grad,Married,Blue-Collar,White,Female,40,0
63,Private,Bachelors,Widowed,White-Collar,White,Female,25,0
31,Private,Bachelors,Single,Professional,Other,Female,60,1
46,Other/Unknown,School,Married,Other/Unknown,White,Male,40,0
36,Private,Masters,Single,Professional,White,Female,40,0
36,Private,HS-grad,Single,White-Collar,White,Female,40,0
38,Private,Some-college,Widowed,White-Collar,White,Female,40,1
45,Self-Employed,Some-college,Married,White-Collar,Other,Male,40,0
56,Private,HS-grad,Married,Blue-Collar,White,Male,40,0
52,Government,Bachelors,Widowed,White-Collar,White,Female,55,0
53,Private,HS-grad,Married,Blue-Collar,White,Male,40,0
33,Other/Unknown,Assoc,Married,Other/Unknown,White,Female,50,1
39,Private,Masters,Married,White-Collar,White,Male,55,1
25,Government,Bachelors,Married,Service,White,Male,40,1
41,Private,HS-grad,Single,Blue-Collar,Other,Male,40,0
36,Private,Bachelors,Divorced,Professional,Other,Female,40,0
39,Private,HS-grad,Married,Blue-Collar,White,Male,40,0
42,Government,Some-college,Married,White-Collar,White,Female,40,0
68,Private,Some-college,Single,White-Collar,White,Female,40,0
30,Government,Masters,Married,Professional,White,Male,40,1
45,Private,Assoc,Single,Sales,White,Female,38,0
32,Private,Bachelors,Divorced,White-Collar,White,Female,50,1
58,Private,HS-grad,Single,Service,White,Male,40,0
36,Private,HS-grad,Married,Blue-Collar,White,Male,40,0
54,Government,School,Single,Service,White,Male,40,0
46,Private,Assoc,Widowed,White-Collar,White,Female,40,0
58,Private,School,Single,Blue-Collar,White,Female,33,0
65,Self-Employed,HS-grad,Married,White-Collar,White,Male,24,0
43,Private,Some-college,Married,Professional,White,Male,40,0
50,Private,Masters,Divorced,White-Collar,White,Female,35,0
41,Private,HS-grad,Married,Blue-Collar,White,Male,38,1
36,Private,HS-grad,Married,Blue-Collar,White,Male,25,1
39,Private,Assoc,Single,Blue-Collar,White,Male,40,0
39,Self-Employed,HS-grad,Married,Blue-Collar,White,Male,40,0
28,Private,Some-college,Married,White-Collar,White,Male,50,1
42,Private,Assoc,Married,White-Collar,White,Male,55,1
65,Government,Some-college,Single,Professional,Other,Female,40,0
36,Self-Employed,HS-grad,Married,Blue-Collar,White,Male,57,0
55,Private,HS-grad,Divorced,Service,White,Male,40,0
43,Government,Bachelors,Married,Professional,White,Male,40,1
64,Government,Bachelors,Divorced,White-Collar,Other,Female,40,0
56,Private,HS-grad,Single,Blue-Collar,White,Male,28,0
47,Private,Some-college,Divorced,White-Collar,Other,Female,40,0
37,Self-Employed,Doctorate,Single,Professional,White,Male,45,1
59,Private,HS-grad,Divorced,Service,Other,Female,40,0
80,Self-Employed,School,Married,White-Collar,White,Male,25,0
42,Private,HS-grad,Married,Service,Other,Male,40,0
29,Private,HS-grad,Married,Professional,White,Male,40,1
38,Government,Bachelors,Married,Professional,White,Female,20,1
37,Government,Some-college,Single,Blue-Collar,White,Male,40,0
66,Private,HS-grad,Widowed,Sales,White,Female,35,0
60,Private,HS-grad,Married,Service,Other,Male,30,0
35,Private,Masters,Single,Professional,White,Male,45,1
42,Self-Employed,Some-college,Married,Professional,Other,Male,30,0
48,Private,HS-grad,Widowed,Blue-Collar,White,Female,48,0
46,Self-Employed,Some-college,Separated,Professional,White,Male,20,0
38,Government,HS-grad,Married,White-Collar,White,Male,40,0
63,Other/Unknown,School,Married,Other/Unknown,White,Male,40,0
46,Private,HS-grad,Divorced,Blue-Collar,White,Male,40,0
43,Private,Masters,Married,Professional,White,Female,45,1
49,Private,Bachelors,Divorced,White-Collar,White,Female,40,0
36,Self-Employed,HS-grad,Married,Blue-Collar,White,Male,50,1
53,Private,HS-grad,Divorced,Service,White,Female,40,0
38,Government,Prof-school,Single,Professional,Other,Female,57,1
66,Government,HS-grad,Widowed,Professional,Other,Female,35,0
40,Government,Masters,Married,Professional,White,Male,40,0
34,Private,Bachelors,Married,White-Collar,White,Male,40,1
41,Government,Some-college,Married,White-Collar,Other,Female,40,0
38,Private,Masters,Divorced,White-Collar,White,Male,45,1
49,Private,School,Married,Blue-Collar,White,Male,40,0
50,Private,HS-grad,Divorced,White-Collar,White,Female,40,0
49,Government,Masters,Single,Professional,White,Female,80,0
50,Private,Bachelors,Married,Sales,White,Male,35,0
54,Private,HS-grad,Married,White-Collar,White,Male,45,0
31,Private,HS-grad,Married,Sales,White,Male,50,1
63,Private,School,Married,Service,Other,Male,40,0
47,Private,HS-grad,Married,Service,Other,Female,30,0
43,Private,Bachelors,Married,White-Collar,White,Male,40,1
46,Private,HS-grad,Divorced,Blue-Collar,White,Female,40,0
36,Private,Bachelors,Married,Professional,White,Male,60,1
42,Private,Some-college,Married,Professional,White,Female,36,0
30,Private,Assoc,Married,Service,White,Female,25,1
41,Private,School,Married,Blue-Collar,White,Male,40,0
30,Private,Masters,Married,Professional,White,Male,44,1
36,Self-Employed,HS-grad,Single,Blue-Collar,White,Male,40,0
36,Self-Employed,HS-grad,Married,Blue-Collar,White,Male,35,0
66,Other/Unknown,School,Divorced,Other/Unknown,White,Male,10,0
37,Self-Employed,Bachelors,Married,Blue-Collar,White,Male,65,1
41,Private,Masters,Widowed,Professional,White,Female,55,0
52,Self-Employed,Some-college,Married,Blue-Collar,White,Male,40,0
49,Government,Bachelors,Married,Professional,White,Female,45,0
55,Other/Unknown,Assoc,Married,Other/Unknown,White,Female,5,0
45,Government,Bachelors,Divorced,Service,White,Male,40,0
35,Private,Doctorate,Married,Professional,Other,Male,40,1
69,Government,Masters,Married,Professional,White,Male,11,0
63,Private,Some-college,Divorced,Service,White,Male,40,0
62,Private,Masters,Single,Professional,White,Male,70,0
54,Self-Employed,Some-college,Married,Blue-Collar,White,Male,30,0
38,Self-Employed,Bachelors,Married,Professional,White,Male,70,0
44,Government,Prof-school,Married,Professional,White,Male,75,1
47,Private,HS-grad,Married,Professional,White,Male,50,0
36,Private,HS-grad,Married,Blue-Collar,White,Male,41,0
46,Private,HS-grad,Single,Service,White,Female,28,0
42,Private,Some-college,Married,White-Collar,White,Male,65,0
48,Private,HS-grad,Single,Blue-Collar,White,Male,40,0
53,Government,HS-grad,Divorced,Service,White,Male,40,0
48,Government,Some-college,Single,White-Collar,Other,Male,40,0
44,Government,HS-grad,Divorced,Blue-Collar,Other,Male,40,0
36,Private,HS-grad,Divorced,Service,White,Female,36,0
47,Private,HS-grad,Divorced,White-Collar,White,Female,35,0
40,Private,HS-grad,Married,White-Collar,White,Male,45,1
62,Private,Masters,Divorced,Professional,White,Female,45,0
49,Private,Bachelors,Married,Blue-Collar,White,Male,30,0
46,Private,Assoc,Single,Professional,White,Female,33,0
43,Self-Employed,Bachelors,Single,Professional,White,Female,50,0
55,Private,School,Married,Blue-Collar,White,Male,55,0
36,Self-Employed,HS-grad,Married,Professional,White,Female,40,0
37,Private,Some-college,Single,White-Collar,White,Male,40,0
40,Self-Employed,Bachelors,Married,Blue-Collar,White,Male,15,0
43,Self-Employed,Some-college,Married,White-Collar,White,Male,45,1
49,Private,Bachelors,Married,Blue-Collar,Other,Male,48,0
53,Private,HS-grad,Widowed,White-Collar,Other,Female,40,0
33,Private,Bachelors,Married,White-Collar,White,Male,40,1
37,Private,School,Married,Blue-Collar,White,Male,48,0
63,Self-Employed,HS-grad,Married,Blue-Collar,White,Male,45,0
45,Private,HS-grad,Married,White-Collar,White,Female,30,0
40,Private,Some-college,Divorced,Service,White,Female,40,0
41,Government,HS-grad,Married,Blue-Collar,White,Male,40,0
35,Private,Masters,Single,White-Collar,White,Male,40,1
39,Private,HS-grad,Widowed,White-Collar,White,Female,40,0
33,Private,Some-college,Married,Blue-Collar,White,Male,50,1
59,Private,Some-college,Married,Sales,White,Male,40,0
45,Private,School,Married,Service,White,Female,36,0
37,Private,Assoc,Married,Blue-Collar,White,Male,45,1
35,Private,Some-college,Married,Blue-Collar,Other,Male,45,1
53,Private,HS-grad,Divorced,Sales,White,Female,40,0
33,Private,Some-college,Married,Blue-Collar,Other,Male,40,1
53,Private,Some-college,Married,Service,White,Male,40,0
43,Private,School,Married,Service,White,Male,25,0
51,Government,Some-college,Divorced,Professional,White,Female,40,0
33,Private,Some-college,Married,White-Collar,White,Male,40,1
37,Private,Some-college,Married,Blue-Collar,White,Male,40,0
42,Government,Bachelors,Married,Professional,White,Female,45,1
41,Private,Masters,Married,White-Collar,White,Male,70,1
27,Private,Bachelors,Married,Professional,White,Male,42,1
64,Self-Employed,Some-college,Single,Professional,White,Female,35,0
30,Private,Bachelors,Single,White-Collar,White,Male,55,1
54,Private,School,Married,Blue-Collar,Other,Male,40,0
40,Private,HS-grad,Married,Blue-Collar,White,Male,63,0
45,Private,School,Married,Service,White,Female,25,0
30,Private,Bachelors,Married,Professional,White,Male,45,1
36,Self-Employed,Bachelors,Divorced,Professional,Other,Female,40,1
49,Private,School,Divorced,Blue-Collar,White,Male,70,0
47,Private,Some-college,Divorced,Service,White,Female,40,0
28,Private,HS-grad,Married,White-Collar,Other,Male,40,1
40,Private,HS-grad,Separated,Blue-Collar,White,Female,40,0
50,Private,Assoc,Divorced,White-Collar,Other,Male,40,0
40,Private,Prof-school,Married,Professional,White,Male,55,1
54,Private,HS-grad,Married,White-Collar,White,Male,45,0
44,Private,Bachelors,Married,Sales,White,Male,60,0
39,Self-Employed,HS-grad,Married,Sales,White,Male,50,1
72,Other/Unknown,HS-grad,Married,Service,White,Male,55,0
37,Self-Employed,HS-grad,Married,White-Collar,White,Male,60,0
30,Private,Bachelors,Married,White-Collar,White,Male,50,1
56,Private,Some-college,Married,Sales,White,Male,40,0
51,Private,Bachelors,Single,Professional,Other,Male,35,0
41,Government,Bachelors,Married,Professional,Other,Female,40,1
44,Private,HS-grad,Widowed,Service,Other,Female,30,0
39,Private,Masters,Single,White-Collar,Other,Male,52,1
44,Government,Some-college,Single,White-Collar,White,Male,50,1
42,Private,Some-college,Married,Professional,White,Male,40,1
42,Private,Bachelors,Single,Sales,White,Male,60,0
45,Private,School,Widowed,Service,Other,Female,20,0
36,Private,Some-college,Divorced,White-Collar,White,Female,40,0
34,Government,HS-grad,Married,Service,White,Male,57,1
44,Government,Some-college,Divorced,White-Collar,White,Male,50,0
36,Government,Bachelors,Married,Professional,White,Male,40,0
75,Private,Some-college,Married,Blue-Collar,White,Male,16,0
43,Private,HS-grad,Single,Sales,Other,Female,44,0
39,Private,Bachelors,Married,Blue-Collar,White,Male,40,0
56,Private,Masters,Married,White-Collar,White,Female,50,0
42,Self-Employed,School,Married,Service,Other,Female,50,0
42,Private,HS-grad,Married,Blue-Collar,White,Male,55,0
58,Private,HS-grad,Divorced,Blue-Collar,White,Male,30,0
29,Government,Bachelors,Married,White-Collar,White,Male,40,1
38,Private,Bachelors,Married,White-Collar,White,Male,40,0
44,Government,HS-grad,Married,White-Collar,White,Female,40,0
41,Private,Assoc,Divorced,Sales,White,Male,40,0
46,Private,Some-college,Married,Sales,White,Male,50,0
43,Private,HS-grad,Divorced,White-Collar,White,Female,40,0
36,Private,HS-grad,Married,Service,White,Male,50,0
44,Government,Assoc,Married,Professional,White,Male,48,0
38,Private,HS-grad,Separated,Sales,White,Female,10,0
39,Private,Some-college,Married,Professional,White,Male,50,0
37,Government,Bachelors,Divorced,Professional,White,Female,35,0
54,Self-Employed,HS-grad,Married,Service,Other,Male,45,0
31,Government,Masters,Married,White-Collar,White,Male,60,1
59,Government,Masters,Single,White-Collar,White,Male,40,0
37,Private,Bachelors,Married,Professional,White,Male,99,1
39,Government,HS-grad,Married,Blue-Collar,White,Male,40,1
40,Private,School,Married,Blue-Collar,White,Male,40,0
49,Private,HS-grad,Married,White-Collar,White,Female,43,0
54,Government,Bachelors,Divorced,White-Collar,White,Female,40,0
36,Private,HS-grad,Married,White-Collar,White,Male,50,1
66,Private,Bachelors,Widowed,Service,White,Male,12,0
50,Self-Employed,Some-college,Married,Blue-Collar,White,Male,55,0
38,Private,Bachelors,Married,Sales,White,Male,50,1
42,Private,HS-grad,Separated,Sales,White,Female,40,0
67,Government,School,Married,Blue-Collar,White,Male,35,0
61,Government,Bachelors,Married,White-Collar,White,Female,40,0
70,Private,HS-grad,Divorced,Service,White,Female,28,0
32,Private,Bachelors,Married,Professional,White,Male,50,1
34,Private,Bachelors,Married,Sales,White,Male,40,1
44,Private,Some-college,Married,Sales,White,Male,60,1
41,Other/Unknown,School,Married,Other/Unknown,White,Male,32,0
48,Private,Some-college,Divorced,White-Collar,White,Female,48,0
36,Private,HS-grad,Married,Blue-Collar,White,Male,40,0
36,Private,School,Widowed,Service,White,Female,20,0
44,Government,Assoc,Married,Blue-Collar,White,Male,40,1
38,Private,HS-grad,Separated,Service,Other,Male,40,0
29,Private,HS-grad,Married,Blue-Collar,White,Male,30,1
60,Private,HS-grad,Married,Professional,White,Male,30,0
51,Self-Employed,Bachelors,Married,White-Collar,White,Male,40,0
60,Private,School,Married,Blue-Collar,White,Male,40,0
66,Private,Some-college,Married,White-Collar,White,Male,45,0
37,Private,HS-grad,Married,White-Collar,White,Male,40,1
54,Private,Some-college,Divorced,White-Collar,White,Female,40,0
39,Private,Assoc,Divorced,Service,Other,Female,40,0
34,Private,Bachelors,Married,Sales,White,Male,45,1
37,Private,Some-college,Divorced,Blue-Collar,White,Male,52,0
37,Private,HS-grad,Single,Blue-Collar,White,Male,40,0
39,Government,HS-grad,Married,Blue-Collar,White,Male,38,1
37,Private,Some-college,Married,Service,White,Male,40,1
47,Private,HS-grad,Married,Service,White,Male,34,0
84,Private,HS-grad,Widowed,Service,White,Female,13,0
36,Private,Some-college,Married,Professional,White,Male,20,1
41,Private,Some-college,Married,Blue-Collar,Other,Male,40,1
46,Private,Bachelors,Widowed,White-Collar,White,Female,25,0
42,Private,HS-grad,Divorced,Service,White,Female,40,0
31,Private,Bachelors,Married,White-Collar,Other,Male,40,1
43,Private,School,Single,Blue-Collar,White,Female,40,0
41,Private,HS-grad,Divorced,Blue-Collar,White,Female,50,0
37,Self-Employed,HS-grad,Married,Blue-Collar,White,Male,47,0
33,Self-Employed,Prof-school,Married,Professional,White,Male,40,1
38,Private,Bachelors,Married,Professional,Other,Male,70,1
43,Government,Some-college,Divorced,White-Collar,White,Female,40,0
24,Private,Bachelors,Married,White-Collar,White,Male,55,1
62,Government,Bachelors,Divorced,Professional,White,Male,40,0
37,Private,Bachelors,Divorced,Service,White,Male,40,0
45,Self-Employed,School,Married,Blue-Collar,White,Male,40,0
41,Private,HS-grad,Married,Blue-Collar,White,Male,50,1
59,Private,Bachelors,Married,Sales,White,Male,72,0
42,Private,Masters,Married,Professional,Other,Male,55,1
34,Private,Bachelors,Married,Professional,White,Male,40,1
44,Government,Bachelors,Married,Professional,White,Male,40,1
44,Self-Employed,Masters,Married,Professional,White,Male,40,0
25,Private,Bachelors,Married,Sales,White,Male,40,1
47,Government,Bachelors,Married,Service,White,Male,40,0
61,Self-Employed,Masters,Married,Blue-Collar,White,Male,4,0
41,Private,Some-college,Single,Blue-Collar,White,Male,60,1
63,Self-Employed,HS-grad,Married,Blue-Collar,White,Male,98,0
44,Self-Employed,Masters,Married,White-Collar,White,Female,60,1
37,Government,Assoc,Divorced,Service,Other,Male,38,0
38,Private,HS-grad,Married,Blue-Collar,White,Male,41,0
32,Private,Prof-school,Married,Professional,White,Male,40,1
26,Private,Some-college,Married,Blue-Collar,White,Male,55,1
37,Self-Employed,Some-college,Married,Sales,White,Male,60,1
47,Private,HS-grad,Married,White-Collar,White,Male,38,0
31,Private,HS-grad,Married,Blue-Collar,White,Male,40,1
42,Private,Assoc,Divorced,White-Collar,White,Female,40,0
52,Private,HS-grad,Widowed,Blue-Collar,White,Female,40,0
67,Government,Masters,Divorced,White-Collar,White,Female,40,0
38,Private,HS-grad,Single,Blue-Collar,White,Male,36,0
48,Private,Bachelors,Married,Sales,White,Male,40,0
42,Self-Employed,Some-college,Married,Blue-Collar,White,Male,40,0
38,Private,Some-college,Married,Sales,White,Male,60,1
40,Private,HS-grad,Widowed,Sales,White,Female,40,0
50,Self-Employed,Assoc,Single,Sales,White,Female,5,0
25,Self-Employed,Some-college,Married,Blue-Collar,White,Male,50,1
56,Private,HS-grad,Widowed,Sales,White,Female,25,0
46,Private,School,Divorced,Blue-Collar,Other,Female,40,0
36,Private,Bachelors,Married,White-Collar,White,Male,40,1
39,Private,School,Single,Service,White,Male,40,0
40,Self-Employed,HS-grad,Married,Blue-Collar,White,Male,40,0
38,Private,Some-college,Married,Sales,White,Male,60,0
31,Self-Employed,Prof-school,Married,Professional,White,Male,60,1
62,Private,School,Married,White-Collar,White,Male,40,0
44,Government,Bachelors,Single,White-Collar,White,Male,40,0
54,Private,Some-college,Married,Sales,White,Male,50,0
36,Private,HS-grad,Divorced,Blue-Collar,White,Male,40,0
40,Private,School,Single,Blue-Collar,White,Female,37,0
48,Private,Some-college,Divorced,Professional,White,Female,20,0
42,Government,Masters,Divorced,Professional,White,Female,38,0
31,Private,HS-grad,Married,Blue-Collar,White,Male,40,1
58,Other/Unknown,School,Married,Other/Unknown,White,Male,16,0
47,Private,Masters,Divorced,White-Collar,White,Male,42,0
41,Private,Bachelors,Married,Professional,White,Female,15,1
37,Self-Employed,Some-college,Single,Professional,Other,Male,40,0
40,Other/Unknown,Assoc,Divorced,Other/Unknown,White,Male,40,0
49,Government,Some-college,Single,Service,White,Female,30,0
38,Self-Employed,Some-college,Married,Blue-Collar,White,Male,35,0
39,Self-Employed,Masters,Married,White-Collar,White,Male,50,0
52,Private,Assoc,Married,White-Collar,White,Male,40,0
55,Government,HS-grad,Married,Service,White,Male,40,0
41,Private,Some-college,Married,Sales,White,Male,50,1
61,Private,HS-grad,Married,Sales,Other,Male,40,0
38,Private,HS-grad,Married,Blue-Collar,White,Male,48,0
30,Private,HS-grad,Married,White-Collar,White,Female,40,1
26,Government,Assoc,Married,Service,White,Male,45,1
26,Private,Assoc,Married,Blue-Collar,White,Male,40,1
41,Private,Some-college,Married,White-Collar,White,Female,40,1
37,Self-Employed,Some-college,Married,White-Collar,Other,Male,75,1
31,Private,Bachelors,Married,White-Collar,White,Male,40,1
42,Private,HS-grad,Divorced,Blue-Collar,White,Male,50,0
38,Self-Employed,HS-grad,Married,Blue-Collar,White,Male,60,0
42,Government,Doctorate,Married,White-Collar,White,Male,43,1
34,Private,Assoc,Single,White-Collar,Other,Female,60,1
47,Private,HS-grad,Single,Blue-Collar,Other,Male,56,0
44,Private,School,Married,Blue-Collar,White,Female,40,0
38,Private,Some-college,Divorced,Blue-Collar,Other,Male,55,0
69,Private,School,Single,Blue-Collar,White,Male,40,0
36,Private,Masters,Married,Professional,White,Male,60,1
44,Private,Bachelors,Married,Blue-Collar,White,Male,40,1
50,Private,HS-grad,Divorced,Sales,White,Female,33,0
53,Private,Some-college,Single,White-Collar,Other,Female,40,0
40,Government,Bachelors,Married,Professional,White,Male,66,1
47,Self-Employed,HS-grad,Married,Blue-Collar,White,Male,90,0
37,Private,Some-college,Married,White-Collar,White,Male,57,0
40,Private,HS-grad,Divorced,Blue-Collar,Other,Female,40,0
43,Government,HS-grad,Separated,Service,White,Male,40,0
47,Private,Assoc,Single,Service,White,Female,55,0
58,Private,Bachelors,Widowed,White-Collar,White,Female,40,0
55,Private,HS-grad,Divorced,White-Collar,White,Female,40,0
53,Government,HS-grad,Married,White-Collar,Other,Male,48,0
43,Private,HS-grad,Married,Blue-Collar,White,Male,40,0
36,Private,Some-college,Divorced,White-Collar,White,Female,40,0
43,Private,Bachelors,Married,Blue-Collar,White,Male,40,1
64,Self-Employed,HS-grad,Married,Blue-Collar,White,Male,50,0
58,Government,School,Married,Blue-Collar,White,Male,40,0
45,Private,Some-college,Divorced,White-Collar,White,Female,40,0
46,Government,HS-grad,Married,Blue-Collar,White,Male,40,0
43,Self-Employed,Prof-school,Married,Professional,White,Male,30,1
44,Private,Assoc,Divorced,Sales,White,Male,45,0
49,Private,HS-grad,Divorced,Blue-Collar,White,Male,40,0
52,Private,School,Married,Service,White,Male,40,0
42,Private,Some-college,Single,Blue-Collar,White,Male,28,0
45,Private,HS-grad,Married,Blue-Collar,White,Male,40,0
56,Private,HS-grad,Married,Service,White,Female,10,0
57,Private,HS-grad,Separated,Sales,Other,Female,35,0
41,Self-Employed,HS-grad,Married,Sales,White,Male,55,1
57,Private,HS-grad,Married,Sales,White,Male,50,0
42,Private,HS-grad,Divorced,Blue-Collar,White,Male,40,0
51,Private,HS-grad,Married,Blue-Collar,White,Male,48,0
36,Self-Employed,Bachelors,Divorced,Sales,White,Male,60,0
47,Private,HS-grad,Divorced,Blue-Collar,White,Male,40,0
59,Private,HS-grad,Widowed,White-Collar,White,Female,40,0
40,Government,Assoc,Married,Service,White,Male,40,1
28,Private,Some-college,Married,White-Collar,White,Female,32,1
38,Government,Bachelors,Married,Professional,White,Female,40,1
42,Government,Bachelors,Married,White-Collar,White,Male,50,1
42,Private,Some-college,Divorced,Blue-Collar,White,Female,40,0
36,Private,Bachelors,Married,White-Collar,White,Female,40,1
36,Private,Bachelors,Married,Professional,White,Female,4,1
36,Government,HS-grad,Single,Blue-Collar,Other,Male,40,0
38,Private,HS-grad,Married,Blue-Collar,Other,Male,40,0
42,Government,School,Married,Blue-Collar,White,Male,40,1
35,Private,Masters,Single,Professional,Other,Female,40,1
39,Government,HS-grad,Separated,White-Collar,White,Male,40,0
45,Private,Some-college,Married,White-Collar,White,Male,40,0
51,Government,HS-grad,Married,White-Collar,White,Female,40,0
52,Private,School,Divorced,Blue-Collar,White,Female,64,0
54,Government,Bachelors,Single,Professional,White,Male,50,0
61,Private,HS-grad,Divorced,White-Collar,Other,Female,35,0
41,Self-Employed,Assoc,Married,Blue-Collar,White,Male,60,0
74,Private,Masters,Divorced,Sales,White,Female,10,0
40,Government,Masters,Divorced,Professional,White,Female,45,0
36,Private,Assoc,Divorced,White-Collar,Other,Female,54,0
36,Private,Some-college,Separated,Service,Other,Female,40,0
43,Private,HS-grad,Married,Blue-Collar,White,Male,40,0
47,Self-Employed,Bachelors,Divorced,White-Collar,Other,Male,60,0
71,Other/Unknown,HS-grad,Widowed,Other/Unknown,White,Female,40,0
90,Private,Bachelors,Single,Professional,Other,Male,40,0
45,Private,Masters,Married,Professional,White,Male,50,0
41,Private,Bachelors,Married,Service,White,Female,25,1
37,Private,HS-grad,Single,Blue-Collar,Other,Male,40,0
38,Self-Employed,Bachelors,Single,Blue-Collar,Other,Male,30,0
43,Private,Some-college,Married,White-Collar,White,Male,50,0
41,Private,Some-college,Divorced,Blue-Collar,White,Male,40,0
41,Self-Employed,Masters,Married,White-Collar,White,Male,50,1
45,Private,Bachelors,Married,White-Collar,White,Male,40,0
40,Self-Employed,HS-grad,Married,Blue-Collar,White,Male,60,0
68,Private,School,Separated,Service,White,Male,12,0
47,Self-Employed,Bachelors,Divorced,Sales,White,Female,50,0
32,Private,Bachelors,Married,White-Collar,White,Male,40,1
61,Private,School,Married,Sales,White,Male,40,0
39,Self-Employed,Some-college,Married,Blue-Collar,White,Male,60,0
37,Self-Employed,Assoc,Married,Sales,White,Male,50,1
48,Private,HS-grad,Divorced,Blue-Collar,White,Female,40,0
37,Private,HS-grad,Single,Blue-Collar,White,Female,40,0
49,Private,Assoc,Married,Sales,White,Male,45,0
46,Private,Bachelors,Divorced,Sales,White,Female,40,0
36,Government,Assoc,Married,Service,White,Male,40,0
74,Self-Employed,Some-college,Married,Professional,White,Male,35,0
29,Private,Bachelors,Married,Professional,White,Male,40,1
51,Government,HS-grad,Divorced,Blue-Collar,White,Male,38,0
47,Private,Some-college,Married,Service,White,Male,45,0
32,Private,Masters,Married,Professional,White,Male,40,1
43,Government,HS-grad,Single,White-Collar,White,Female,40,0
53,Other/Unknown,HS-grad,Divorced,Other/Unknown,White,Female,40,0
38,Self-Employed,Bachelors,Married,Sales,White,Male,55,1
50,Private,Assoc,Divorced,Blue-Collar,White,Male,40,0
43,Private,School,Single,Blue-Collar,Other,Male,40,0
75,Other/Unknown,HS-grad,Married,Other/Unknown,White,Female,14,0
54,Self-Employed,Some-college,Married,Sales,White,Male,40,0
50,Private,Assoc,Married,Blue-Collar,White,Male,45,0
39,Government,HS-grad,Divorced,White-Collar,White,Male,42,0
46,Self-Employed,HS-grad,Married,Blue-Collar,White,Male,40,0
53,Self-Employed,Some-college,Divorced,White-Collar,White,Male,60,0
43,Self-Employed,Bachelors,Married,Sales,White,Male,60,1
78,Other/Unknown,HS-grad,Married,Other/Unknown,White,Male,32,0
51,Government,Prof-school,Widowed,Professional,White,Female,40,0
46,Private,Some-college,Married,Sales,White,Female,40,0
29,Private,Assoc,Married,Blue-Collar,White,Male,40,1
36,Private,Some-college,Married,White-Collar,White,Male,40,0
36,Private,Bachelors,Married,White-Collar,White,Male,55,1
82,Self-Employed,HS-grad,Married,Blue-Collar,White,Male,20,0
54,Private,HS-grad,Married,Blue-Collar,White,Male,50,0
26,Private,Masters,Married,Professional,White,Male,40,1
62,Private,HS-grad,Widowed,White-Collar,White,Female,38,0
42,Private,School,Divorced,Blue-Collar,White,Male,40,0
64,Private,School,Divorced,Service,White,Female,12,0
41,Government,Assoc,Divorced,Blue-Collar,White,Female,45,0
40,Private,School,Married,Sales,White,Male,40,0
36,Private,HS-grad,Married,Blue-Collar,White,Male,55,0
45,Private,Assoc,Divorced,Blue-Collar,White,Male,40,0
37,Private,Some-college,Married,Sales,White,Male,48,1
58,Private,HS-grad,Married,Blue-Collar,White,Male,40,0
41,Private,HS-grad,Single,White-Collar,White,Female,40,0
56,Self-Employed,Some-college,Divorced,Service,White,Female,40,0
41,Private,HS-grad,Single,Sales,Other,Female,40,0
39,Self-Employed,School,Married,Blue-Collar,White,Male,40,0
46,Government,Some-college,Divorced,Blue-Collar,White,Female,40,0
42,Government,Bachelors,Divorced,Professional,Other,Male,40,0
43,Private,HS-grad,Divorced,Blue-Collar,White,Male,45,0
51,Self-Employed,HS-grad,Divorced,Service,White,Male,81,0
39,Private,Masters,Single,White-Collar,White,Male,40,0
38,Private,HS-grad,Married,Blue-Collar,White,Male,40,0
37,Self-Employed,Bachelors,Married,Service,White,Male,40,1
41,Private,HS-grad,Divorced,Sales,White,Male,30,0
46,Self-Employed,Assoc,Married,White-Collar,White,Male,60,0
54,Other/Unknown,HS-grad,Divorced,Other/Unknown,White,Female,30,0
41,Government,HS-grad,Divorced,White-Collar,White,Male,45,0
42,Private,Some-college,Divorced,White-Collar,White,Female,38,0
40,Private,School,Married,Blue-Collar,White,Male,40,0
46,Private,HS-grad,Married,Service,White,Female,40,0
28,Private,Some-college,Single,White-Collar,White,Female,40,1
28,Private,HS-grad,Married,Blue-Collar,White,Male,40,1
41,Private,Bachelors,Married,Service,White,Male,42,1
45,Self-Employed,Assoc,Married,Service,White,Male,3,0
38,Private,HS-grad,Married,White-Collar,White,Male,40,1
51,Private,HS-grad,Divorced,Professional,White,Male,40,0
43,Private,Some-college,Single,White-Collar,Other,Female,40,0
45,Private,Assoc,Married,Blue-Collar,White,Male,66,0
36,Private,Some-college,Married,White-Collar,White,Male,60,1
43,Private,Assoc,Married,Blue-Collar,White,Male,40,0
51,Other/Unknown,Masters,Married,Other/Unknown,White,Male,40,0
45,Private,HS-grad,Married,Blue-Collar,Other,Male,40,0
44,Government,HS-grad,Divorced,Blue-Collar,White,Male,40,0
50,Private,Some-college,Divorced,Blue-Collar,White,Male,22,0
31,Self-Employed,Bachelors,Married,White-Collar,White,Female,40,1
52,Private,Assoc,Separated,Service,White,Female,35,0
36,Private,School,Divorced,Blue-Collar,White,Male,40,0
30,Government,Some-college,Married,White-Collar,White,Male,48,1
65,Private,HS-grad,Separated,Service,White,Male,20,0
36,Private,Assoc,Single,Service,White,Male,45,0
40,Private,HS-grad,Divorced,Service,White,Female,40,0
50,Private,HS-grad,Married,White-Collar,White,Male,40,0
47,Government,Bachelors,Married,Professional,White,Male,40,0
34,Private,Bachelors,Married,Service,White,Male,40,1
68,Self-Employed,Doctorate,Married,Professional,White,Male,50,0
81,Government,School,Widowed,Service,White,Female,20,0
41,Private,School,Married,Blue-Collar,White,Male,60,0
41,Private,Some-college,Single,Blue-Collar,White,Male,40,0
54,Government,HS-grad,Single,White-Collar,White,Female,20,0
37,Private,HS-grad,Married,Blue-Collar,White,Male,50,0
50,Government,Bachelors,Divorced,Professional,White,Female,50,0
41,Self-Employed,Bachelors,Married,White-Collar,White,Male,40,1
51,Private,Bachelors,Divorced,Service,White,Female,40,0
33,Private,Bachelors,Married,White-Collar,White,Male,50,1
38,Private,Assoc,Separated,Service,White,Female,20,0
40,Government,Bachelors,Married,Service,Other,Male,40,1
46,Government,Some-college,Divorced,Service,Other,Female,40,0
58,Government,Bachelors,Married,Professional,Other,Male,40,0
40,Private,Assoc,Separated,Sales,Other,Male,44,0
34,Private,Some-college,Married,White-Collar,White,Male,40,1
38,Private,Some-college,Married,Sales,Other,Male,40,0
52,Private,School,Widowed,Service,White,Female,25,0
63,Government,Some-college,Married,White-Collar,White,Male,40,0
69,Other/Unknown,Some-college,Married,Other/Unknown,White,Male,32,0
41,Self-Employed,Some-college,Married,Blue-Collar,White,Male,65,0
34,Government,Some-college,Married,White-Collar,White,Female,40,1
59,Private,HS-grad,Divorced,Blue-Collar,Other,Male,40,0
30,Government,Bachelors,Married,Service,White,Male,40,1
40,Other/Unknown,School,Divorced,Other/Unknown,White,Female,5,0
55,Private,HS-grad,Separated,Blue-Collar,White,Male,45,0
39,Self-Employed,Some-college,Married,Service,Other,Male,40,0
55,Private,HS-grad,Married,Blue-Collar,White,Male,40,0
44,Private,HS-grad,Divorced,White-Collar,Other,Female,40,0
47,Private,HS-grad,Married,Blue-Collar,White,Male,40,0
26,Private,Bachelors,Single,White-Collar,White,Female,40,1
43,Private,HS-grad,Single,Service,Other,Female,40,0
63,Private,HS-grad,Single,White-Collar,White,Female,40,0
31,Private,Bachelors,Married,Professional,White,Male,40,1
53,Other/Unknown,School,Widowed,Other/Unknown,Other,Female,30,0
36,Private,HS-grad,Married,Sales,White,Male,40,0
71,Other/Unknown,HS-grad,Married,Other/Unknown,White,Male,40,0
33,Private,Some-college,Single,Blue-Collar,Other,Male,40,1
40,Government,Some-college,Single,White-Collar,White,Female,40,0
39,Private,School,Married,Blue-Collar,White,Male,25,0
48,Self-Employed,Assoc,Married,Blue-Collar,White,Male,60,0
38,Private,HS-grad,Divorced,Blue-Collar,White,Male,40,0
47,Government,School,Married,Blue-Collar,White,Male,40,0
49,Self-Employed,School,Married,Blue-Collar,White,Male,40,0
54,Private,HS-grad,Married,Sales,White,Male,40,0
57,Private,Masters,Married,White-Collar,White,Male,40,0
39,Private,Prof-school,Married,Sales,White,Male,99,1
40,Private,School,Single,Blue-Collar,White,Male,35,0
52,Private,HS-grad,Separated,White-Collar,White,Female,40,0
46,Private,Some-college,Married,Sales,White,Male,50,0
45,Government,Assoc,Married,Blue-Collar,White,Male,40,0
39,Government,Masters,Single,Professional,White,Female,43,0
59,Private,HS-grad,Married,White-Collar,White,Female,20,0
68,Self-Employed,HS-grad,Married,Blue-Collar,White,Male,45,0
73,Private,HS-grad,Widowed,Service,White,Female,32,0
39,Private,HS-grad,Divorced,White-Collar,White,Female,45,0
48,Self-Employed,HS-grad,Separated,Service,White,Female,25,0
44,Self-Employed,Some-college,Married,White-Collar,White,Male,45,1
37,Government,Some-college,Married,Blue-Collar,White,Male,40,0
43,Government,Some-college,Married,Service,White,Male,99,1
41,Private,HS-grad,Married,White-Collar,White,Male,40,1
36,Private,HS-grad,Married,Blue-Collar,White,Female,40,0
48,Private,School,Married,Blue-Collar,White,Male,40,0
47,Government,Some-college,Married,Service,White,Male,50,0
46,Private,HS-grad,Divorced,Blue-Collar,White,Male,40,0
45,Private,School,Married,Blue-Collar,Other,Male,40,0
38,Other/Unknown,Assoc,Single,Other/Unknown,White,Male,15,0
45,Private,Bachelors,Married,White-Collar,Other,Male,40,0
26,Government,Some-college,Married,Service,White,Male,55,1
81,Private,Some-college,Married,Sales,White,Male,15,0
60,Private,Masters,Single,Professional,White,Male,50,0
46,Government,Assoc,Separated,Service,Other,Female,30,0
42,Private,Assoc,Married,Blue-Collar,White,Male,40,0
47,Private,School,Single,Blue-Collar,Other,Female,40,0
46,Self-Employed,HS-grad,Married,Blue-Collar,White,Male,45,0
57,Private,HS-grad,Married,White-Collar,White,Female,38,0
32,Self-Employed,Bachelors,Married,Blue-Collar,White,Male,50,1
41,Government,Masters,Divorced,Professional,White,Female,60,0
40,Private,HS-grad,Divorced,White-Collar,White,Male,40,0
41,Government,Masters,Divorced,Professional,White,Female,55,0
43,Private,HS-grad,Married,Blue-Collar,White,Male,40,0
39,Private,Some-college,Married,Sales,White,Male,26,0
61,Private,HS-grad,Married,Service,White,Male,40,0
36,Private,HS-grad,Single,Service,White,Female,18,0
47,Self-Employed,Some-college,Married,Blue-Collar,White,Male,86,0
46,Private,Some-college,Single,White-Collar,Other,Male,40,0
56,Government,Some-college,Divorced,Service,Other,Male,48,0
70,Private,HS-grad,Married,Sales,White,Male,40,0
37,Private,Bachelors,Married,White-Collar,White,Male,47,0
50,Private,School,Divorced,Blue-Collar,White,Male,40,0
44,Self-Employed,Masters,Married,Blue-Collar,White,Male,40,1
33,Private,HS-grad,Married,Blue-Collar,White,Male,40,1
61,Private,HS-grad,Married,White-Collar,White,Male,50,0
30,Private,Prof-school,Married,Professional,White,Male,60,1
60,Government,Some-college,Married,Service,Other,Male,60,0
60,Private,School,Divorced,Service,White,Male,40,0
49,Private,Bachelors,Married,Service,White,Male,40,0
40,Private,HS-grad,Divorced,Blue-Collar,White,Male,40,0
26,Private,Bachelors,Married,Blue-Collar,White,Male,40,1
51,Private,School,Married,Blue-Collar,Other,Male,40,0
43,Government,HS-grad,Married,Blue-Collar,White,Male,40,1
49,Private,HS-grad,Married,Blue-Collar,White,Male,40,0
41,Self-Employed,Some-college,Married,White-Collar,White,Male,55,1
61,Private,HS-grad,Married,Service,White,Male,40,0
57,Other/Unknown,Some-college,Divorced,Other/Unknown,White,Female,40,0
65,Private,HS-grad,Married,Sales,White,Male,18,0
49,Private,HS-grad,Married,Sales,White,Male,40,0
39,Self-Employed,Bachelors,Married,Sales,White,Male,40,0
45,Private,HS-grad,Widowed,White-Collar,White,Female,35,0
45,Private,HS-grad,Married,Sales,White,Male,40,0
56,Private,Some-college,Widowed,White-Collar,Other,Female,32,0
43,Government,Bachelors,Married,White-Collar,White,Male,50,1
43,Private,School,Married,Blue-Collar,White,Male,40,0
45,Government,Prof-school,Divorced,Professional,White,Female,43,0
33,Private,Some-college,Married,Blue-Collar,Other,Male,50,1
41,Private,HS-grad,Married,Blue-Collar,Other,Male,40,0
33,Self-Employed,Bachelors,Married,Sales,White,Male,80,1
38,Private,School,Married,Blue-Collar,White,Male,48,1
56,Government,HS-grad,Married,White-Collar,White,Male,40,0
41,Government,Masters,Divorced,Professional,White,Male,40,0
50,Government,Bachelors,Married,Professional,White,Female,24,0
26,Private,Bachelors,Married,White-Collar,White,Female,55,1
51,Private,School,Widowed,Blue-Collar,Other,Female,40,0
40,Government,HS-grad,Single,Service,White,Male,42,0
36,Self-Employed,HS-grad,Married,Blue-Collar,White,Male,60,1
36,Government,Masters,Single,Professional,White,Female,30,0
51,Private,HS-grad,Single,Blue-Collar,Other,Male,40,0
39,Government,HS-grad,Married,Service,White,Male,56,0
53,Private,HS-grad,Divorced,Service,Other,Male,40,0
42,Private,Some-college,Single,White-Collar,White,Female,40,0
50,Private,Bachelors,Divorced,Service,White,Male,40,0
47,Private,Assoc,Single,Professional,White,Female,40,0
43,Government,Bachelors,Married,Professional,Other,Male,40,1
42,Government,Masters,Married,Professional,White,Male,50,1
41,Government,Assoc,Married,Professional,White,Male,35,1
58,Private,HS-grad,Divorced,Service,White,Female,25,0
31,Private,Some-college,Married,Blue-Collar,White,Male,40,1
43,Government,Some-college,Married,Service,White,Male,40,0
43,Private,HS-grad,Separated,Blue-Collar,White,Male,40,0
58,Private,HS-grad,Married,Service,Other,Female,60,0
60,Private,HS-grad,Married,White-Collar,White,Female,40,0
39,Private,Prof-school,Married,White-Collar,White,Male,55,1
37,Private,HS-grad,Single,Service,White,Female,35,0
37,Private,Bachelors,Separated,Service,Other,Male,40,0
35,Private,Masters,Single,Professional,White,Male,45,1
42,Private,HS-grad,Married,Blue-Collar,White,Male,50,0
37,Private,Some-college,Married,Blue-Collar,White,Male,45,0
45,Private,HS-grad,Married,Blue-Collar,Other,Male,40,0
51,Private,HS-grad,Married,Blue-Collar,White,Male,40,0
43,Private,Bachelors,Married,White-Collar,White,Male,40,1
65,Other/Unknown,HS-grad,Widowed,Other/Unknown,White,Female,35,0
55,Self-Employed,HS-grad,Married,Sales,White,Male,40,0
31,Private,HS-grad,Married,Blue-Collar,White,Male,50,1
43,Government,Masters,Divorced,Professional,White,Female,40,0
47,Private,Bachelors,Married,Sales,White,Male,70,0
65,Other/Unknown,HS-grad,Married,Other/Unknown,White,Male,45,0
52,Private,Some-college,Divorced,Sales,White,Female,50,0
57,Self-Employed,Bachelors,Divorced,Professional,White,Male,80,0
32,Private,HS-grad,Married,Blue-Collar,White,Male,40,1
52,Private,Assoc,Married,Blue-Collar,White,Male,40,0
41,Private,Bachelors,Divorced,Professional,Other,Male,40,0
41,Private,HS-grad,Married,Blue-Collar,White,Male,4,0
24,Private,Some-college,Married,Blue-Collar,White,Male,40,1
36,Private,HS-grad,Divorced,Blue-Collar,White,Male,40,0
38,Government,Assoc,Married,Blue-Collar,White,Male,40,0
66,Government,School,Widowed,Service,White,Female,20,0
36,Self-Employed,HS-grad,Single,Service,White,Female,70,0
43,Private,HS-grad,Married,Blue-Collar,White,Male,48,1
72,Other/Unknown,School,Widowed,Other/Unknown,White,Female,24,0
29,Self-Employed,HS-grad,Married,Blue-Collar,Other,Male,50,1
68,Self-Employed,HS-grad,Married,Blue-Collar,White,Male,40,0
59,Private,Bachelors,Married,Blue-Collar,White,Male,4,0
47,Private,HS-grad,Divorced,Service,Other,Female,40,0
41,Private,Assoc,Separated,Service,White,Male,40,0
37,Private,Bachelors,Single,White-Collar,Other,Female,40,0
37,Private,HS-grad,Married,Blue-Collar,White,Male,40,0
51,Self-Employed,Some-college,Married,Blue-Collar,White,Male,20,0
36,Private,School,Single,Service,White,Male,35,0
39,Private,Bachelors,Married,Blue-Collar,White,Male,99,1
72,Other/Unknown,HS-grad,Married,Other/Unknown,White,Male,8,0
47,Private,HS-grad,Separated,Blue-Collar,Other,Male,40,0
39,Private,Some-college,Divorced,Sales,White,Male,45,0
61,Private,HS-grad,Married,Service,White,Female,4,0
48,Private,HS-grad,Married,Blue-Collar,White,Male,40,0
40,Self-Employed,HS-grad,Married,White-Collar,White,Male,50,0
37,Private,Some-college,Married,Blue-Collar,White,Male,40,1
34,Private,Some-college,Married,Service,White,Male,40,1
44,Self-Employed,Bachelors,Married,White-Collar,White,Male,70,1
40,Private,Assoc,Married,Sales,White,Male,50,1
67,Other/Unknown,School,Single,Other/Unknown,Other,Female,35,0
40,Private,Some-college,Married,Blue-Collar,White,Male,50,0
36,Private,HS-grad,Married,Blue-Collar,White,Male,40,0
51,Self-Employed,HS-grad,Single,Sales,White,Male,40,0
45,Self-Employed,HS-grad,Married,Sales,White,Male,40,0
37,Private,Assoc,Married,Sales,White,Male,40,0
36,Self-Employed,Bachelors,Single,Service,White,Male,55,1
52,Private,School,Single,Service,White,Female,7,0
64,Other/Unknown,School,Divorced,Other/Unknown,White,Male,40,0
41,Private,HS-grad,Separated,Blue-Collar,White,Female,44,0
67,Government,HS-grad,Divorced,Service,Other,Male,20,0
40,Private,Bachelors,Married,White-Collar,White,Male,50,1
40,Government,Prof-school,Married,Professional,White,Male,40,1
50,Private,Bachelors,Single,Sales,White,Female,32,0
41,Government,Masters,Married,White-Collar,White,Male,40,1
52,Private,Assoc,Married,Service,White,Male,40,0
51,Private,School,Married,Blue-Collar,White,Male,40,0
36,Self-Employed,Assoc,Married,Service,White,Male,60,0
60,Private,HS-grad,Divorced,Service,White,Female,40,0
44,Private,HS-grad,Married,Blue-Collar,White,Male,40,0
46,Private,Some-college,Divorced,Service,White,Female,10,0
29,Government,Bachelors,Married,Professional,White,Female,25,1
42,Private,Some-college,Single,Blue-Collar,Other,Female,40,0
38,Government,Masters,Married,Professional,White,Male,40,1
39,Private,Bachelors,Married,Blue-Collar,Other,Male,40,1
45,Private,School,Single,Service,White,Female,15,0
63,Private,School,Married,Blue-Collar,White,Male,40,0
30,Private,Doctorate,Married,Professional,White,Male,75,1
36,Government,HS-grad,Married,White-Collar,Other,Female,40,1
41,Government,Bachelors,Divorced,Professional,White,Male,40,0
53,Private,HS-grad,Divorced,Blue-Collar,Other,Male,32,0
36,Private,Some-college,Married,White-Collar,White,Male,40,0
52,Private,HS-grad,Separated,Blue-Collar,Other,Female,40,0
57,Private,Bachelors,Married,Professional,White,Male,40,0
37,Self-Employed,Some-college,Married,White-Collar,White,Female,20,0
30,Private,HS-grad,Married,Blue-Collar,White,Male,50,1
48,Private,HS-grad,Married,Sales,White,Male,50,0
31,Private,HS-grad,Married,White-Collar,White,Female,40,1
39,Private,HS-grad,Married,Blue-Collar,White,Male,56,0
40,Self-Employed,School,Married,Blue-Collar,White,Male,40,1
80,Other/Unknown,HS-grad,Married,Other/Unknown,White,Male,8,0
38,Government,HS-grad,Divorced,White-Collar,White,Female,40,0
31,Private,Some-college,Married,Sales,White,Male,38,1
51,Self-Employed,Some-college,Divorced,Sales,White,Female,50,0
43,Private,Masters,Married,Professional,White,Male,40,1
37,Private,School,Divorced,Blue-Collar,White,Male,40,0
37,Private,Bachelors,Married,Professional,White,Male,45,1
73,Other/Unknown,Bachelors,Married,Other/Unknown,Other,Male,5,0
50,Self-Employed,School,Single,Service,Other,Female,15,0
39,Self-Employed,Assoc,Married,Blue-Collar,White,Male,40,1
65,Private,Bachelors,Divorced,Professional,White,Male,40,0
40,Private,School,Married,White-Collar,White,Male,40,1
43,Private,Assoc,Divorced,Blue-Collar,White,Male,40,0
43,Private,Bachelors,Married,White-Collar,White,Male,40,0
48,Self-Employed,School,Single,Blue-Collar,White,Male,50,0
62,Self-Employed,HS-grad,Married,Sales,White,Female,48,0
59,Self-Employed,Assoc,Divorced,Service,White,Male,40,0
38,Self-Employed,Bachelors,Married,Professional,Other,Male,60,1
51,Self-Employed,Bachelors,Married,White-Collar,Other,Female,35,0
37,Private,HS-grad,Single,Blue-Collar,Other,Male,40,0
38,Private,Some-college,Divorced,Service,White,Female,50,0
26,Private,Some-college,Married,White-Collar,White,Male,40,1
41,Government,Bachelors,Divorced,Professional,White,Male,65,0
40,Private,Some-college,Married,Blue-Collar,White,Male,68,1
37,Government,Some-college,Married,Blue-Collar,White,Male,43,0
38,Private,Bachelors,Single,White-Collar,White,Male,40,0
46,Self-Employed,Some-college,Divorced,White-Collar,White,Male,50,0
35,Private,Bachelors,Single,White-Collar,White,Male,45,1
64,Self-Employed,Bachelors,Married,Professional,White,Male,40,0
47,Private,School,Married,White-Collar,White,Female,55,0
46,Private,Assoc,Married,Blue-Collar,White,Male,40,0
39,Private,HS-grad,Married,White-Collar,White,Male,50,1
60,Self-Employed,HS-grad,Married,Blue-Collar,Other,Male,50,0
34,Private,Bachelors,Divorced,Sales,White,Female,50,1
57,Private,Some-college,Married,Blue-Collar,White,Male,40,0
49,Self-Employed,Some-college,Married,Sales,White,Male,60,0
37,Private,Bachelors,Married,Professional,White,Male,40,0
36,Private,HS-grad,Married,Sales,White,Male,50,0
